Workbook

Sheet Dashboard
A1: EMBASSY OUTREACH — LEADERSHIP DASHBOARD
A2: ="As of "&TEXT(Lists!K2,"dd mmm yyyy")&" | Source: Embassy Outreach Database ("&COUNTA(Outreach_Data!A2:A79)&" records) | NOTE: illustrative sample data — the real database was not supplied with the assessment" -> As of 06 Oct 2026 | Source: Embassy Outreach Database (78 records) | NOTE: illustrative sample data — the real database was not supplied with the assessment
A4: UNIQUE EMBASSIES | C4: OUTREACH COVERAGE | E4: ENGAGEMENT RATE | G4: ACTIVE PARTNERSHIPS | I4: OVERDUE FOLLOW-UPS | K4: STALE CONTACTS | M4: RECORDS WITH DATA ISSUES
A5: =SUMPRODUCT(1/COUNTIF(Outreach_Data!$B$2:$B$79,Outreach_Data!$B$2:$B$79)) -> 73 | C5: =SUM(Outreach_Data!$AB$2:$AB$79)/COUNTA(Outreach_Data!$A$2:$A$79) -> 0.83333333 | E5: =IF(SUM(Outreach_Data!$AB$2:$AB$79)=0,0,SUM(Outreach_Data!$AA$2:$AA$79)/SUM(Outreach_Data!$AB$2:$AB$79)) -> 0.46153846 | G5: =COUNTIF(Outreach_Data!$S$2:$S$79,"Partnership Active") -> 7 | I5: =SUM(Outreach_Data!$V$2:$V$79) -> 31 | K5: =SUM(Outreach_Data!$X$2:$X$79) -> 30 | M5: =COUNTIF(Outreach_Data!$Y$2:$Y$79,">0") -> 49
A6: =COUNTA(Outreach_Data!$A$2:$A$79)&" records incl. duplicates" -> 78 records incl. duplicates | C6: =SUM(Outreach_Data!$AB$2:$AB$79)&" of "&COUNTA(Outreach_Data!$A$2:$A$79)&" records contacted" -> 65 of 78 records contacted | E6: =SUM(Outreach_Data!$AA$2:$AA$79)&" of "&SUM(Outreach_Data!$AB$2:$AB$79)&" contacted are engaged" -> 30 of 65 contacted are engaged | G6: ="status: Partnership Active" -> status: Partnership Active | I6: =IF(SUM(Outreach_Data!$V$2:$V$79)=0,"none overdue","avg "&ROUND(AVERAGEIF(Outreach_Data!$V$2:$V$79,1,Outreach_Data!$W$2:$W$79),0)&" days late") -> avg 30 days late | K6: ="no touchpoint in "&Lists!$K$3&"+ days" -> no touchpoint in 30+ days | M6: =TEXT(COUNTIF(Outreach_Data!$Y$2:$Y$79,">0")/COUNTA(Outreach_Data!$A$2:$A$79),"0%")&" of records — see DQ sheet" -> 63% of records — see DQ sheet
A8: Pipeline by Status | E8: Regional Performance | M8: Engagement Level
A9: Status | B9: Records | C9: % of Total | E9: Region | F9: Records | G9: Contacted | H9: Engaged | I9: Active Partners | J9: Engagement Rate | K9: Overdue | M9: Level | N9: Records
A10: Not Started | B10: =COUNTIF(Outreach_Data!$S$2:$S$79,A10) -> 10 | C10: =B10/$B$18 -> 0.12820513 | E10: Europe | F10: =COUNTIF(Outreach_Data!$R$2:$R$79,E10) -> 21 | G10: =SUMIFS(Outreach_Data!$AB$2:$AB$79,Outreach_Data!$R$2:$R$79,E10) -> 19 | H10: =SUMIFS(Outreach_Data!$AA$2:$AA$79,Outreach_Data!$R$2:$R$79,E10) -> 7 | I10: =COUNTIFS(Outreach_Data!$R$2:$R$79,E10,Outreach_Data!$S$2:$S$79,"Partnership Active") -> 1 | J10: =IF(G10=0,0,H10/G10) -> 0.36842105 | K10: =SUMIFS(Outreach_Data!$V$2:$V$79,Outreach_Data!$R$2:$R$79,E10) -> 8 | M10: High | N10: =COUNTIF(Outreach_Data!$T$2:$T$79,M10) -> 12
A11: Contacted | B11: =COUNTIF(Outreach_Data!$S$2:$S$79,A11) -> 19 | C11: =B11/$B$18 -> 0.24358974 | E11: Asia-Pacific | F11: =COUNTIF(Outreach_Data!$R$2:$R$79,E11) -> 18 | G11: =SUMIFS(Outreach_Data!$AB$2:$AB$79,Outreach_Data!$R$2:$R$79,E11) -> 17 | H11: =SUMIFS(Outreach_Data!$AA$2:$AA$79,Outreach_Data!$R$2:$R$79,E11) -> 9 | I11: =COUNTIFS(Outreach_Data!$R$2:$R$79,E11,Outreach_Data!$S$2:$S$79,"Partnership Active") -> 3 | J11: =IF(G11=0,0,H11/G11) -> 0.52941176 | K11: =SUMIFS(Outreach_Data!$V$2:$V$79,Outreach_Data!$R$2:$R$79,E11) -> 8 | M11: Medium | N11: =COUNTIF(Outreach_Data!$T$2:$T$79,M11) -> 26
A12: No Response | B12: =COUNTIF(Outreach_Data!$S$2:$S$79,A12) -> 12 | C12: =B12/$B$18 -> 0.15384615 | E12: Middle East | F12: =COUNTIF(Outreach_Data!$R$2:$R$79,E12) -> 13 | G12: =SUMIFS(Outreach_Data!$AB$2:$AB$79,Outreach_Data!$R$2:$R$79,E12) -> 12 | H12: =SUMIFS(Outreach_Data!$AA$2:$AA$79,Outreach_Data!$R$2:$R$79,E12) -> 9 | I12: =COUNTIFS(Outreach_Data!$R$2:$R$79,E12,Outreach_Data!$S$2:$S$79,"Partnership Active") -> 3 | J12: =IF(G12=0,0,H12/G12) -> 0.75 | K12: =SUMIFS(Outreach_Data!$V$2:$V$79,Outreach_Data!$R$2:$R$79,E12) -> 5 | M12: Low | N12: =COUNTIF(Outreach_Data!$T$2:$T$79,M12) -> 19
A13: In Discussion | B13: =COUNTIF(Outreach_Data!$S$2:$S$79,A13) -> 14 | C13: =B13/$B$18 -> 0.17948718 | E13: Africa | F13: =COUNTIF(Outreach_Data!$R$2:$R$79,E13) -> 13 | G13: =SUMIFS(Outreach_Data!$AB$2:$AB$79,Outreach_Data!$R$2:$R$79,E13) -> 12 | H13: =SUMIFS(Outreach_Data!$AA$2:$AA$79,Outreach_Data!$R$2:$R$79,E13) -> 4 | I13: =COUNTIFS(Outreach_Data!$R$2:$R$79,E13,Outreach_Data!$S$2:$S$79,"Partnership Active") -> 0 | J13: =IF(G13=0,0,H13/G13) -> 0.33333333 | K13: =SUMIFS(Outreach_Data!$V$2:$V$79,Outreach_Data!$R$2:$R$79,E13) -> 6 | M13: None | N13: =COUNTIF(Outreach_Data!$T$2:$T$79,M13) -> 16
A14: Meeting Scheduled | B14: =COUNTIF(Outreach_Data!$S$2:$S$79,A14) -> 9 | C14: =B14/$B$18 -> 0.11538462 | E14: Americas | F14: =COUNTIF(Outreach_Data!$R$2:$R$79,E14) -> 10 | G14: =SUMIFS(Outreach_Data!$AB$2:$AB$79,Outreach_Data!$R$2:$R$79,E14) -> 4 | H14: =SUMIFS(Outreach_Data!$AA$2:$AA$79,Outreach_Data!$R$2:$R$79,E14) -> 0 | I14: =COUNTIFS(Outreach_Data!$R$2:$R$79,E14,Outreach_Data!$S$2:$S$79,"Partnership Active") -> 0 | J14: =IF(G14=0,0,H14/G14) -> 0 | K14: =SUMIFS(Outreach_Data!$V$2:$V$79,Outreach_Data!$R$2:$R$79,E14) -> 4 | M14: Not Recorded | N14: =COUNTIF(Outreach_Data!$T$2:$T$79,M14) -> 5
A15: Partnership Active | B15: =COUNTIF(Outreach_Data!$S$2:$S$79,A15) -> 7 | C15: =B15/$B$18 -> 0.08974359 | E15: Not Recorded | F15: =COUNTIF(Outreach_Data!$R$2:$R$79,E15) -> 3 | G15: =SUMIFS(Outreach_Data!$AB$2:$AB$79,Outreach_Data!$R$2:$R$79,E15) -> 1 | H15: =SUMIFS(Outreach_Data!$AA$2:$AA$79,Outreach_Data!$R$2:$R$79,E15) -> 1 | I15: =COUNTIFS(Outreach_Data!$R$2:$R$79,E15,Outreach_Data!$S$2:$S$79,"Partnership Active") -> 0 | J15: =IF(G15=0,0,H15/G15) -> 1 | K15: =SUMIFS(Outreach_Data!$V$2:$V$79,Outreach_Data!$R$2:$R$79,E15) -> 0 | M15: Total | N15: =SUM(N10:N14) -> 78
A16: On Hold | B16: =COUNTIF(Outreach_Data!$S$2:$S$79,A16) -> 4 | C16: =B16/$B$18 -> 0.051282051 | E16: Total | F16: =SUM(F10:F15) -> 78 | G16: =SUM(G10:G15) -> 65 | H16: =SUM(H10:H15) -> 30 | I16: =SUM(I10:I15) -> 7 | J16: =IF(G16=0,0,H16/G16) -> 0.46153846 | K16: =SUM(K10:K15) -> 31
A17: Not Recorded | B17: =COUNTIF(Outreach_Data!$S$2:$S$79,A17) -> 3 | C17: =B17/$B$18 -> 0.038461538
A18: Total | B18: =SUM(B10:B17) -> 78 | C18: =SUM(C10:C17) -> 1
A36: Last Contact by Month | K36: Owner Workload
A37: Month | B37: Embassies | K37: Owner | L37: Records | M37: Engaged | N37: Overdue
A38: Jan 26 | B38: =COUNTIFS(Outreach_Data!$K$2:$K$79,">="&DATE(2026,1,1),Outreach_Data!$K$2:$K$79,"<"&DATE(2026,2,1)) -> 0 | K38: Aisha Khan | L38: =COUNTIF(Outreach_Data!$I$2:$I$79,K38) -> 13 | M38: =SUMIFS(Outreach_Data!$AA$2:$AA$79,Outreach_Data!$I$2:$I$79,K38) -> 4 | N38: =SUMIFS(Outreach_Data!$V$2:$V$79,Outreach_Data!$I$2:$I$79,K38) -> 4
A39: Feb 26 | B39: =COUNTIFS(Outreach_Data!$K$2:$K$79,">="&DATE(2026,2,1),Outreach_Data!$K$2:$K$79,"<"&DATE(2026,3,1)) -> 0 | K39: Rohan Mehta | L39: =COUNTIF(Outreach_Data!$I$2:$I$79,K39) -> 13 | M39: =SUMIFS(Outreach_Data!$AA$2:$AA$79,Outreach_Data!$I$2:$I$79,K39) -> 3 | N39: =SUMIFS(Outreach_Data!$V$2:$V$79,Outreach_Data!$I$2:$I$79,K39) -> 4
A40: Mar 26 | B40: =COUNTIFS(Outreach_Data!$K$2:$K$79,">="&DATE(2026,3,1),Outreach_Data!$K$2:$K$79,"<"&DATE(2026,4,1)) -> 0 | K40: Priya Nair | L40: =COUNTIF(Outreach_Data!$I$2:$I$79,K40) -> 8 | M40: =SUMIFS(Outreach_Data!$AA$2:$AA$79,Outreach_Data!$I$2:$I$79,K40) -> 4 | N40: =SUMIFS(Outreach_Data!$V$2:$V$79,Outreach_Data!$I$2:$I$79,K40) -> 3
A41: Apr 26 | B41: =COUNTIFS(Outreach_Data!$K$2:$K$79,">="&DATE(2026,4,1),Outreach_Data!$K$2:$K$79,"<"&DATE(2026,5,1)) -> 2 | K41: Imran Sheikh | L41: =COUNTIF(Outreach_Data!$I$2:$I$79,K41) -> 11 | M41: =SUMIFS(Outreach_Data!$AA$2:$AA$79,Outreach_Data!$I$2:$I$79,K41) -> 5 | N41: =SUMIFS(Outreach_Data!$V$2:$V$79,Outreach_Data!$I$2:$I$79,K41) -> 4
A42: May 26 | B42: =COUNTIFS(Outreach_Data!$K$2:$K$79,">="&DATE(2026,5,1),Outreach_Data!$K$2:$K$79,"<"&DATE(2026,6,1)) -> 1 | K42: Neha Verma | L42: =COUNTIF(Outreach_Data!$I$2:$I$79,K42) -> 17 | M42: =SUMIFS(Outreach_Data!$AA$2:$AA$79,Outreach_Data!$I$2:$I$79,K42) -> 8 | N42: =SUMIFS(Outreach_Data!$V$2:$V$79,Outreach_Data!$I$2:$I$79,K42) -> 9
A43: Jun 26 | B43: =COUNTIFS(Outreach_Data!$K$2:$K$79,">="&DATE(2026,6,1),Outreach_Data!$K$2:$K$79,"<"&DATE(2026,7,1)) -> 4 | K43: Karan Joshi | L43: =COUNTIF(Outreach_Data!$I$2:$I$79,K43) -> 9 | M43: =SUMIFS(Outreach_Data!$AA$2:$AA$79,Outreach_Data!$I$2:$I$79,K43) -> 3 | N43: =SUMIFS(Outreach_Data!$V$2:$V$79,Outreach_Data!$I$2:$I$79,K43) -> 4
A44: Jul 26 | B44: =COUNTIFS(Outreach_Data!$K$2:$K$79,">="&DATE(2026,7,1),Outreach_Data!$K$2:$K$79,"<"&DATE(2026,8,1)) -> 6 | K44: Unassigned | L44: =SUMPRODUCT(--(Outreach_Data!$I$2:$I$79="")) -> 7 | M44: =SUMPRODUCT((Outreach_Data!$I$2:$I$79="")*Outreach_Data!$AA$2:$AA$79) -> 3 | N44: =SUMPRODUCT((Outreach_Data!$I$2:$I$79="")*Outreach_Data!$V$2:$V$79) -> 3
A45: Aug 26 | B45: =COUNTIFS(Outreach_Data!$K$2:$K$79,">="&DATE(2026,8,1),Outreach_Data!$K$2:$K$79,"<"&DATE(2026,9,1)) -> 18 | K45: Total | L45: =SUM(L38:L44) -> 78 | M45: =SUM(M38:M44) -> 30 | N45: =SUM(N38:N44) -> 31
A46: Sep 26 | B46: =COUNTIFS(Outreach_Data!$K$2:$K$79,">="&DATE(2026,9,1),Outreach_Data!$K$2:$K$79,"<"&DATE(2026,10,1)) -> 26
A47: Oct 26 | B47: =COUNTIFS(Outreach_Data!$K$2:$K$79,">="&DATE(2026,10,1),Outreach_Data!$K$2:$K$79,"<"&DATE(2026,11,1)) -> 4
A50: Priority Attention List — Top 10 Overdue Follow-ups (ranked by days overdue)
A51: Embassy | B51: Region | C51: Status | E51: Owner | G51: Days Overdue | H51: Next Action | L51: Contact Person | P51: helper: data row index
A52: =IF($P52="","",IF(INDEX(Outreach_Data!$B$2:$B$79,$P52)="","—",INDEX(Outreach_Data!$B$2:$B$79,$P52))) -> Oman | B52: =IF($P52="","",IF(INDEX(Outreach_Data!$R$2:$R$79,$P52)="","—",INDEX(Outreach_Data!$R$2:$R$79,$P52))) -> Middle East | C52: =IF($P52="","",IF(INDEX(Outreach_Data!$S$2:$S$79,$P52)="","—",INDEX(Outreach_Data!$S$2:$S$79,$P52))) -> No Response | E52: =IF($P52="","",IF(INDEX(Outreach_Data!$I$2:$I$79,$P52)="","—",INDEX(Outreach_Data!$I$2:$I$79,$P52))) -> Imran Sheikh | G52: =IF($P52="","",IF(INDEX(Outreach_Data!$W$2:$W$79,$P52)="","—",INDEX(Outreach_Data!$W$2:$W$79,$P52))) -> 93 | H52: =IF($P52="","",IF(INDEX(Outreach_Data!$O$2:$O$79,$P52)="","—",INDEX(Outreach_Data!$O$2:$O$79,$P52))) -> Escalate via phone / alternate contact | L52: =IF($P52="","",IF(INDEX(Outreach_Data!$D$2:$D$79,$P52)="","—",INDEX(Outreach_Data!$D$2:$D$79,$P52))) -> — | P52: =IFERROR(IF(LARGE(Outreach_Data!$Z$2:$Z$79,1)>0,MATCH(LARGE(Outreach_Data!$Z$2:$Z$79,1),Outreach_Data!$Z$2:$Z$79,0),""),"") -> 68
A53: =IF($P53="","",IF(INDEX(Outreach_Data!$B$2:$B$79,$P53)="","—",INDEX(Outreach_Data!$B$2:$B$79,$P53))) -> Guyana | B53: =IF($P53="","",IF(INDEX(Outreach_Data!$R$2:$R$79,$P53)="","—",INDEX(Outreach_Data!$R$2:$R$79,$P53))) -> Americas | C53: =IF($P53="","",IF(INDEX(Outreach_Data!$S$2:$S$79,$P53)="","—",INDEX(Outreach_Data!$S$2:$S$79,$P53))) -> No Response | E53: =IF($P53="","",IF(INDEX(Outreach_Data!$I$2:$I$79,$P53)="","—",INDEX(Outreach_Data!$I$2:$I$79,$P53))) -> Priya Nair | G53: =IF($P53="","",IF(INDEX(Outreach_Data!$W$2:$W$79,$P53)="","—",INDEX(Outreach_Data!$W$2:$W$79,$P53))) -> 79 | H53: =IF($P53="","",IF(INDEX(Outreach_Data!$O$2:$O$79,$P53)="","—",INDEX(Outreach_Data!$O$2:$O$79,$P53))) -> Escalate via phone / alternate contact | L53: =IF($P53="","",IF(INDEX(Outreach_Data!$D$2:$D$79,$P53)="","—",INDEX(Outreach_Data!$D$2:$D$79,$P53))) -> Yusuf Chen | P53: =IFERROR(IF(LARGE(Outreach_Data!$Z$2:$Z$79,2)>0,MATCH(LARGE(Outreach_Data!$Z$2:$Z$79,2),Outreach_Data!$Z$2:$Z$79,0),""),"") -> 25
A54: =IF($P54="","",IF(INDEX(Outreach_Data!$B$2:$B$79,$P54)="","—",INDEX(Outreach_Data!$B$2:$B$79,$P54))) -> Finland | B54: =IF($P54="","",IF(INDEX(Outreach_Data!$R$2:$R$79,$P54)="","—",INDEX(Outreach_Data!$R$2:$R$79,$P54))) -> Europe | C54: =IF($P54="","",IF(INDEX(Outreach_Data!$S$2:$S$79,$P54)="","—",INDEX(Outreach_Data!$S$2:$S$79,$P54))) -> No Response | E54: =IF($P54="","",IF(INDEX(Outreach_Data!$I$2:$I$79,$P54)="","—",INDEX(Outreach_Data!$I$2:$I$79,$P54))) -> Imran Sheikh | G54: =IF($P54="","",IF(INDEX(Outreach_Data!$W$2:$W$79,$P54)="","—",INDEX(Outreach_Data!$W$2:$W$79,$P54))) -> 72 | H54: =IF($P54="","",IF(INDEX(Outreach_Data!$O$2:$O$79,$P54)="","—",INDEX(Outreach_Data!$O$2:$O$79,$P54))) -> Escalate via phone / alternate contact | L54: =IF($P54="","",IF(INDEX(Outreach_Data!$D$2:$D$79,$P54)="","—",INDEX(Outreach_Data!$D$2:$D$79,$P54))) -> David Fernandez | P54: =IFERROR(IF(LARGE(Outreach_Data!$Z$2:$Z$79,3)>0,MATCH(LARGE(Outreach_Data!$Z$2:$Z$79,3),Outreach_Data!$Z$2:$Z$79,0),""),"") -> 67
A55: =IF($P55="","",IF(INDEX(Outreach_Data!$B$2:$B$79,$P55)="","—",INDEX(Outreach_Data!$B$2:$B$79,$P55))) -> South Korea | B55: =IF($P55="","",IF(INDEX(Outreach_Data!$R$2:$R$79,$P55)="","—",INDEX(Outreach_Data!$R$2:$R$79,$P55))) -> Asia-Pacific | C55: =IF($P55="","",IF(INDEX(Outreach_Data!$S$2:$S$79,$P55)="","—",INDEX(Outreach_Data!$S$2:$S$79,$P55))) -> No Response | E55: =IF($P55="","",IF(INDEX(Outreach_Data!$I$2:$I$79,$P55)="","—",INDEX(Outreach_Data!$I$2:$I$79,$P55))) -> Rohan Mehta | G55: =IF($P55="","",IF(INDEX(Outreach_Data!$W$2:$W$79,$P55)="","—",INDEX(Outreach_Data!$W$2:$W$79,$P55))) -> 70 | H55: =IF($P55="","",IF(INDEX(Outreach_Data!$O$2:$O$79,$P55)="","—",INDEX(Outreach_Data!$O$2:$O$79,$P55))) -> Escalate via phone / alternate contact | L55: =IF($P55="","",IF(INDEX(Outreach_Data!$D$2:$D$79,$P55)="","—",INDEX(Outreach_Data!$D$2:$D$79,$P55))) -> Kwame Fernandez | P55: =IFERROR(IF(LARGE(Outreach_Data!$Z$2:$Z$79,4)>0,MATCH(LARGE(Outreach_Data!$Z$2:$Z$79,4),Outreach_Data!$Z$2:$Z$79,0),""),"") -> 10
A56: =IF($P56="","",IF(INDEX(Outreach_Data!$B$2:$B$79,$P56)="","—",INDEX(Outreach_Data!$B$2:$B$79,$P56))) -> Uganda | B56: =IF($P56="","",IF(INDEX(Outreach_Data!$R$2:$R$79,$P56)="","—",INDEX(Outreach_Data!$R$2:$R$79,$P56))) -> Africa | C56: =IF($P56="","",IF(INDEX(Outreach_Data!$S$2:$S$79,$P56)="","—",INDEX(Outreach_Data!$S$2:$S$79,$P56))) -> No Response | E56: =IF($P56="","",IF(INDEX(Outreach_Data!$I$2:$I$79,$P56)="","—",INDEX(Outreach_Data!$I$2:$I$79,$P56))) -> Aisha Khan | G56: =IF($P56="","",IF(INDEX(Outreach_Data!$W$2:$W$79,$P56)="","—",INDEX(Outreach_Data!$W$2:$W$79,$P56))) -> 66 | H56: =IF($P56="","",IF(INDEX(Outreach_Data!$O$2:$O$79,$P56)="","—",INDEX(Outreach_Data!$O$2:$O$79,$P56))) -> Escalate via phone / alternate contact | L56: =IF($P56="","",IF(INDEX(Outreach_Data!$D$2:$D$79,$P56)="","—",INDEX(Outreach_Data!$D$2:$D$79,$P56))) -> Layla Ali | P56: =IFERROR(IF(LARGE(Outreach_Data!$Z$2:$Z$79,5)>0,MATCH(LARGE(Outreach_Data!$Z$2:$Z$79,5),Outreach_Data!$Z$2:$Z$79,0),""),"") -> 72
A57: =IF($P57="","",IF(INDEX(Outreach_Data!$B$2:$B$79,$P57)="","—",INDEX(Outreach_Data!$B$2:$B$79,$P57))) -> Ghana | B57: =IF($P57="","",IF(INDEX(Outreach_Data!$R$2:$R$79,$P57)="","—",INDEX(Outreach_Data!$R$2:$R$79,$P57))) -> Africa | C57: =IF($P57="","",IF(INDEX(Outreach_Data!$S$2:$S$79,$P57)="","—",INDEX(Outreach_Data!$S$2:$S$79,$P57))) -> No Response | E57: =IF($P57="","",IF(INDEX(Outreach_Data!$I$2:$I$79,$P57)="","—",INDEX(Outreach_Data!$I$2:$I$79,$P57))) -> Imran Sheikh | G57: =IF($P57="","",IF(INDEX(Outreach_Data!$W$2:$W$79,$P57)="","—",INDEX(Outreach_Data!$W$2:$W$79,$P57))) -> 66 | H57: =IF($P57="","",IF(INDEX(Outreach_Data!$O$2:$O$79,$P57)="","—",INDEX(Outreach_Data!$O$2:$O$79,$P57))) -> Escalate via phone / alternate contact | L57: =IF($P57="","",IF(INDEX(Outreach_Data!$D$2:$D$79,$P57)="","—",INDEX(Outreach_Data!$D$2:$D$79,$P57))) -> Kwame Kowalski | P57: =IFERROR(IF(LARGE(Outreach_Data!$Z$2:$Z$79,6)>0,MATCH(LARGE(Outreach_Data!$Z$2:$Z$79,6),Outreach_Data!$Z$2:$Z$79,0),""),"") -> 44
A58: =IF($P58="","",IF(INDEX(Outreach_Data!$B$2:$B$79,$P58)="","—",INDEX(Outreach_Data!$B$2:$B$79,$P58))) -> Indonesia | B58: =IF($P58="","",IF(INDEX(Outreach_Data!$R$2:$R$79,$P58)="","—",INDEX(Outreach_Data!$R$2:$R$79,$P58))) -> Asia-Pacific | C58: =IF($P58="","",IF(INDEX(Outreach_Data!$S$2:$S$79,$P58)="","—",INDEX(Outreach_Data!$S$2:$S$79,$P58))) -> No Response | E58: =IF($P58="","",IF(INDEX(Outreach_Data!$I$2:$I$79,$P58)="","—",INDEX(Outreach_Data!$I$2:$I$79,$P58))) -> Karan Joshi | G58: =IF($P58="","",IF(INDEX(Outreach_Data!$W$2:$W$79,$P58)="","—",INDEX(Outreach_Data!$W$2:$W$79,$P58))) -> 61 | H58: =IF($P58="","",IF(INDEX(Outreach_Data!$O$2:$O$79,$P58)="","—",INDEX(Outreach_Data!$O$2:$O$79,$P58))) -> Escalate via phone / alternate contact | L58: =IF($P58="","",IF(INDEX(Outreach_Data!$D$2:$D$79,$P58)="","—",INDEX(Outreach_Data!$D$2:$D$79,$P58))) -> — | P58: =IFERROR(IF(LARGE(Outreach_Data!$Z$2:$Z$79,7)>0,MATCH(LARGE(Outreach_Data!$Z$2:$Z$79,7),Outreach_Data!$Z$2:$Z$79,0),""),"") -> 2
A59: =IF($P59="","",IF(INDEX(Outreach_Data!$B$2:$B$79,$P59)="","—",INDEX(Outreach_Data!$B$2:$B$79,$P59))) -> South Africa | B59: =IF($P59="","",IF(INDEX(Outreach_Data!$R$2:$R$79,$P59)="","—",INDEX(Outreach_Data!$R$2:$R$79,$P59))) -> Africa | C59: =IF($P59="","",IF(INDEX(Outreach_Data!$S$2:$S$79,$P59)="","—",INDEX(Outreach_Data!$S$2:$S$79,$P59))) -> Contacted | E59: =IF($P59="","",IF(INDEX(Outreach_Data!$I$2:$I$79,$P59)="","—",INDEX(Outreach_Data!$I$2:$I$79,$P59))) -> Priya Nair | G59: =IF($P59="","",IF(INDEX(Outreach_Data!$W$2:$W$79,$P59)="","—",INDEX(Outreach_Data!$W$2:$W$79,$P59))) -> 42 | H59: =IF($P59="","",IF(INDEX(Outreach_Data!$O$2:$O$79,$P59)="","—",INDEX(Outreach_Data!$O$2:$O$79,$P59))) -> Follow-up email | L59: =IF($P59="","",IF(INDEX(Outreach_Data!$D$2:$D$79,$P59)="","—",INDEX(Outreach_Data!$D$2:$D$79,$P59))) -> Liam Ali | P59: =IFERROR(IF(LARGE(Outreach_Data!$Z$2:$Z$79,8)>0,MATCH(LARGE(Outreach_Data!$Z$2:$Z$79,8),Outreach_Data!$Z$2:$Z$79,0),""),"") -> 19
A60: =IF($P60="","",IF(INDEX(Outreach_Data!$B$2:$B$79,$P60)="","—",INDEX(Outreach_Data!$B$2:$B$79,$P60))) -> Malaysia | B60: =IF($P60="","",IF(INDEX(Outreach_Data!$R$2:$R$79,$P60)="","—",INDEX(Outreach_Data!$R$2:$R$79,$P60))) -> Asia-Pacific | C60: =IF($P60="","",IF(INDEX(Outreach_Data!$S$2:$S$79,$P60)="","—",INDEX(Outreach_Data!$S$2:$S$79,$P60))) -> No Response | E60: =IF($P60="","",IF(INDEX(Outreach_Data!$I$2:$I$79,$P60)="","—",INDEX(Outreach_Data!$I$2:$I$79,$P60))) -> Neha Verma | G60: =IF($P60="","",IF(INDEX(Outreach_Data!$W$2:$W$79,$P60)="","—",INDEX(Outreach_Data!$W$2:$W$79,$P60))) -> 42 | H60: =IF($P60="","",IF(INDEX(Outreach_Data!$O$2:$O$79,$P60)="","—",INDEX(Outreach_Data!$O$2:$O$79,$P60))) -> Escalate via phone / alternate contact | L60: =IF($P60="","",IF(INDEX(Outreach_Data!$D$2:$D$79,$P60)="","—",INDEX(Outreach_Data!$D$2:$D$79,$P60))) -> Liam Rossi | P60: =IFERROR(IF(LARGE(Outreach_Data!$Z$2:$Z$79,9)>0,MATCH(LARGE(Outreach_Data!$Z$2:$Z$79,9),Outreach_Data!$Z$2:$Z$79,0),""),"") -> 15
A61: =IF($P61="","",IF(INDEX(Outreach_Data!$B$2:$B$79,$P61)="","—",INDEX(Outreach_Data!$B$2:$B$79,$P61))) -> Bahrain | B61: =IF($P61="","",IF(INDEX(Outreach_Data!$R$2:$R$79,$P61)="","—",INDEX(Outreach_Data!$R$2:$R$79,$P61))) -> Middle East | C61: =IF($P61="","",IF(INDEX(Outreach_Data!$S$2:$S$79,$P61)="","—",INDEX(Outreach_Data!$S$2:$S$79,$P61))) -> No Response | E61: =IF($P61="","",IF(INDEX(Outreach_Data!$I$2:$I$79,$P61)="","—",INDEX(Outreach_Data!$I$2:$I$79,$P61))) -> Neha Verma | G61: =IF($P61="","",IF(INDEX(Outreach_Data!$W$2:$W$79,$P61)="","—",INDEX(Outreach_Data!$W$2:$W$79,$P61))) -> 37 | H61: =IF($P61="","",IF(INDEX(Outreach_Data!$O$2:$O$79,$P61)="","—",INDEX(Outreach_Data!$O$2:$O$79,$P61))) -> Escalate via phone / alternate contact | L61: =IF($P61="","",IF(INDEX(Outreach_Data!$D$2:$D$79,$P61)="","—",INDEX(Outreach_Data!$D$2:$D$79,$P61))) -> Mina Ali | P61: =IFERROR(IF(LARGE(Outreach_Data!$Z$2:$Z$79,10)>0,MATCH(LARGE(Outreach_Data!$Z$2:$Z$79,10),Outreach_Data!$Z$2:$Z$79,0),""),"") -> 28
A64: Key Insights (auto-generated from the data)
A65: ="1. Pipeline: "&TEXT(B11*0+SUM(Outreach_Data!$AB$2:$AB$79)/COUNTA(Outreach_Data!$A$2:$A$79),"0%")&" of embassy records have been contacted, but only "&TEXT(IF(SUM(Outreach_Data!$AB$2:$AB$79)=0,0,SUM(Outreach_Data!$AA$2:$AA$79)/SUM(Outreach_Data!$AB$2:$AB$79)),"0%")&" of contacted embassies are engaged (in discussion, meeting scheduled or active partnership)." -> 1. Pipeline: 83% of embassy records have been contacted, but only 46% of contacted embassies are engaged (in discussion, meeting scheduled or active partnership).
A66: ="2. Regions: highest engagement rate is "&INDEX(E10:E14,MATCH(MAX(J10:J14),J10:J14,0))&" ("&TEXT(MAX(J10:J14),"0%")&"); lowest is "&INDEX(E10:E14,MATCH(MIN(J10:J14),J10:J14,0))&" ("&TEXT(MIN(J10:J14),"0%")&")." -> 2. Regions: highest engagement rate is Middle East (75%); lowest is Americas (0%).
A67: ="3. Follow-up discipline: "&SUM(Outreach_Data!$V$2:$V$79)&" follow-ups are overdue and "&SUM(Outreach_Data!$X$2:$X$79)&" contacts have had no touchpoint for more than "&Lists!$K$3&" days — start with the priority list above." -> 3. Follow-up discipline: 31 follow-ups are overdue and 30 contacts have had no touchpoint for more than 30 days — start with the priority list above.
A68: ="4. Workload: "&INDEX(K38:K44,MATCH(MAX(N38:N44),N38:N44,0))&" holds the most overdue follow-ups ("&MAX(N38:N44)&"); "&L44&" records have no owner assigned." -> 4. Workload: Neha Verma holds the most overdue follow-ups (9); 7 records have no owner assigned.
A69: ="5. Data reliability: "&COUNTIF(Outreach_Data!$Y$2:$Y$79,">0")&" of "&COUNTA(Outreach_Data!$A$2:$A$79)&" records ("&TEXT(COUNTIF(Outreach_Data!$Y$2:$Y$79,">0")/COUNTA(Outreach_Data!$A$2:$A$79),"0%")&") carry at least one data-quality issue — fix these before using regional or owner splits for decisions." -> 5. Data reliability: 49 of 78 records (63%) carry at least one data-quality issue — fix these before using regional or owner splits for decisions.
A71: Definitions — Contacted: status other than Not Started / Not Recorded. Engaged: In Discussion, Meeting Scheduled or Partnership Active. Overdue: Next Action Due earlier than the as-of date (On Hold excluded). Stale: last contact older than the threshold on the Lists sheet. Labels are standardised via the Lists sheet; 'Not Recorded' = blank or unrecognised.
A72: Built by Md. Huzeifa Yaseen Shaikh | GitHub: github.com/zaif-ux | Synthetic sample data created with AI assistance (Claude) for a portfolio project

Sheet Data Quality Review
A1: DATA QUALITY REVIEW — EMBASSY OUTREACH DATABASE
A2: ="Counts are live formulas on the Outreach_Data sheet ("&COUNTA(Outreach_Data!$A$2:$A$79)&" records, as of "&TEXT(Lists!K2,"dd mmm yyyy")&"). Severity reflects impact on leadership reporting." -> Counts are live formulas on the Outreach_Data sheet (78 records, as of 06 Oct 2026). Severity reflects impact on leadership reporting.
A4: # | B4: Check | C4: Field(s) | D4: Records Affected | E4: % of Records | F4: Severity | G4: Impact on reporting / decisions | H4: Recommended fix
A5: 1 | B5: Duplicate embassy entries | C5: Embassy (Country) | D5: =SUMPRODUCT(--(COUNTIF(Outreach_Data!$B$2:$B$79,Outreach_Data!$B$2:$B$79)>1)) -> 10 | E5: =D5/COUNTA(Outreach_Data!$A$2:$A$79) -> 0.12820513 | F5: High | G5: Same embassy appears under more than one ID with different owners/contacts; inflates counts and splits history. | H5: Merge duplicates; enforce one primary record per embassy with multiple contacts in a child table.
A6: 2 | B6: Status not recorded | C6: Status | D6: =COUNTBLANK(Outreach_Data!$L$2:$L$79) -> 3 | E6: =D6/COUNTA(Outreach_Data!$A$2:$A$79) -> 0.038461538 | F6: High | G6: Record cannot be placed in the pipeline; understates progress. | H6: Make Status mandatory (dropdown).
A7: 3 | B7: Non-standard status labels | C7: Status | D7: =SUMPRODUCT((Outreach_Data!$L$2:$L$79<>"")*(1-EXACT(Outreach_Data!$L$2:$L$79,Outreach_Data!$S$2:$S$79))) -> 12 | E7: =D7/COUNTA(Outreach_Data!$A$2:$A$79) -> 0.15384615 | F7: Medium | G7: Case/spacing/abbreviation variants (e.g. 'Active', 'in discussion') break pivots and filters unless cleaned. | H7: Replace free text with a controlled dropdown list.
A8: 4 | B8: Region missing | C8: Region | D8: =COUNTBLANK(Outreach_Data!$C$2:$C$79) -> 3 | E8: =D8/COUNTA(Outreach_Data!$A$2:$A$79) -> 0.038461538 | F8: High | G8: Regional engagement cannot be monitored for these embassies. | H8: Derive region from country via lookup table.
A9: 5 | B9: Non-standard region labels | C9: Region | D9: =SUMPRODUCT((Outreach_Data!$C$2:$C$79<>"")*(1-EXACT(Outreach_Data!$C$2:$C$79,Outreach_Data!$R$2:$R$79))) -> 9 | E9: =D9/COUNTA(Outreach_Data!$A$2:$A$79) -> 0.11538462 | F9: Medium | G9: Variants such as 'APAC' and 'Asia Pacific' split one region into several. | H9: Standardise to five regions via lookup.
A10: 6 | B10: Engagement level missing | C10: Engagement Level | D10: =COUNTBLANK(Outreach_Data!$M$2:$M$79) -> 5 | E10: =D10/COUNTA(Outreach_Data!$A$2:$A$79) -> 0.064102564 | F10: Medium | G10: Engagement mix is understated. | H10: Define scoring rules (interactions, recency) and auto-calculate.
A11: 7 | B11: Non-standard engagement labels | C11: Engagement Level | D11: =SUMPRODUCT((Outreach_Data!$M$2:$M$79<>"")*(1-EXACT(Outreach_Data!$M$2:$M$79,Outreach_Data!$T$2:$T$79))) -> 8 | E11: =D11/COUNTA(Outreach_Data!$A$2:$A$79) -> 0.1025641 | F11: Low | G11: Inconsistent capitalisation / abbreviations ('Med', 'Nil'). | H11: Dropdown list.
A12: 8 | B12: No owner assigned | C12: Owner | D12: =COUNTBLANK(Outreach_Data!$I$2:$I$79) -> 7 | E12: =D12/COUNTA(Outreach_Data!$A$2:$A$79) -> 0.08974359 | F12: High | G12: No accountability for follow-up; invisible in owner workload. | H12: Assign an owner to every record; review weekly.
A13: 9 | B13: Contact person missing | C13: Contact Person | D13: =COUNTBLANK(Outreach_Data!$D$2:$D$79) -> 3 | E13: =D13/COUNTA(Outreach_Data!$A$2:$A$79) -> 0.038461538 | F13: Medium | G13: Outreach cannot be personalised; hard to hand over. | H13: Capture at least one named contact.
A14: 10 | B14: Email missing | C14: Email | D14: =COUNTBLANK(Outreach_Data!$F$2:$F$79) -> 6 | E14: =D14/COUNTA(Outreach_Data!$A$2:$A$79) -> 0.076923077 | F14: Medium | G14: Embassy cannot be reached by email. | H14: Source from official embassy sites.
A15: 11 | B15: Invalid email format (no '@') | C15: Email | D15: =SUMPRODUCT(--(Outreach_Data!$F$2:$F$79<>""),--ISERROR(FIND("@",Outreach_Data!$F$2:$F$79))) -> 4 | E15: =D15/COUNTA(Outreach_Data!$A$2:$A$79) -> 0.051282051 | F15: Medium | G15: Emails will bounce. | H15: Add format validation at entry.
A16: 12 | B16: Phone missing | C16: Phone | D16: =COUNTBLANK(Outreach_Data!$G$2:$G$79) -> 6 | E16: =D16/COUNTA(Outreach_Data!$A$2:$A$79) -> 0.076923077 | F16: Low | G16: Phone escalation not possible. | H16: Capture from official sources.
A17: 13 | B17: Phone not in +country format | C17: Phone | D17: =SUMPRODUCT((Outreach_Data!$G$2:$G$79<>"")*(LEFT(Outreach_Data!$G$2:$G$79,1)<>"+")) -> 9 | E17: =D17/COUNTA(Outreach_Data!$A$2:$A$79) -> 0.11538462 | F17: Low | G17: Inconsistent formats hinder dialling and de-duplication. | H17: Standardise to international format.
A18: 14 | B18: Dates stored as text | C18: First / Last Contact, Next Action Due | D18: =SUMPRODUCT(--((ISTEXT(Outreach_Data!$J$2:$J$79)+ISTEXT(Outreach_Data!$K$2:$K$79)+ISTEXT(Outreach_Data!$P$2:$P$79))>0)) -> 5 | E18: =D18/COUNTA(Outreach_Data!$A$2:$A$79) -> 0.064102564 | F18: High | G18: Text dates are ignored by date formulas — recency, overdue and monthly trend are understated. | H18: Convert to true dates; restrict the column to date entry.
A19: 15 | B19: Last contact earlier than first contact | C19: First / Last Contact | D19: =SUMPRODUCT(ISNUMBER(Outreach_Data!$J$2:$J$79)*ISNUMBER(Outreach_Data!$K$2:$K$79)*(Outreach_Data!$K$2:$K$79<Outreach_Data!$J$2:$J$79)) -> 4 | E19: =D19/COUNTA(Outreach_Data!$A$2:$A$79) -> 0.051282051 | F19: High | G19: Logically impossible; distorts engagement history. | H19: Correct dates; add validation (Last ≥ First).
A20: 16 | B20: Last contact date in the future | C20: Last Contact Date | D20: =COUNTIF(Outreach_Data!$K$2:$K$79,">"&Lists!$K$2) -> 2 | E20: =D20/COUNTA(Outreach_Data!$A$2:$A$79) -> 0.025641026 | F20: High | G20: Probably typos; hides stale records. | H20: Validate against today's date.
A21: 17 | B21: Outreach started but no contact date | C21: Last Contact Date vs Status | D21: =SUMPRODUCT((Outreach_Data!$S$2:$S$79<>"Not Started")*(Outreach_Data!$S$2:$S$79<>"Not Recorded")*(Outreach_Data!$K$2:$K$79="")) -> 3 | E21: =D21/COUNTA(Outreach_Data!$A$2:$A$79) -> 0.038461538 | F21: High | G21: Cannot measure recency or follow-up timing. | H21: Log a date for every touchpoint.
A22: 18 | B22: Status conflicts with interaction count | C22: Status vs Interactions | D22: =SUMPRODUCT((Outreach_Data!$S$2:$S$79="Not Started")*(Outreach_Data!$N$2:$N$79>0))+SUMPRODUCT((Outreach_Data!$S$2:$S$79<>"Not Started")*(Outreach_Data!$S$2:$S$79<>"Not Recorded")*(Outreach_Data!$N$2:$N$79=0)) -> 4 | E22: =D22/COUNTA(Outreach_Data!$A$2:$A$79) -> 0.051282051 | F22: Medium | G22: Either the status or the interaction log is wrong. | H22: Review and align; auto-update status from activity log.
A23: 19 | B23: Active partnership with Low/None engagement | C23: Status vs Engagement | D23: =SUMPRODUCT((Outreach_Data!$S$2:$S$79="Partnership Active")*(((Outreach_Data!$T$2:$T$79="Low")+(Outreach_Data!$T$2:$T$79="None"))>0)) -> 2 | E23: =D23/COUNTA(Outreach_Data!$A$2:$A$79) -> 0.025641026 | F23: Medium | G23: Contradiction: either at-risk partnership or wrong rating. | H23: Review with owner.
A24: 20 | B24: Next action due date missing | C24: Next Action Due | D24: =COUNTBLANK(Outreach_Data!$P$2:$P$79) -> 5 | E24: =D24/COUNTA(Outreach_Data!$A$2:$A$79) -> 0.064102564 | F24: Medium | G24: No follow-up trigger; records can silently go cold. | H24: Require a due date for every open record.
A25: 21 | B25: Outlier interaction count (>20) | C25: Interactions | D25: =COUNTIF(Outreach_Data!$N$2:$N$79,">20") -> 1 | E25: =D25/COUNTA(Outreach_Data!$A$2:$A$79) -> 0.012820513 | F25: Low | G25: Possible entry error (e.g. 48) skewing averages. | H25: Verify and correct.
A27: Summary
B28: Records in database | D28: =COUNTA(Outreach_Data!$A$2:$A$79) -> 78
B29: Records with at least one issue | D29: =COUNTIF(Outreach_Data!$Y$2:$Y$79,">0") -> 49
B30: % of records with at least one issue | D30: =COUNTIF(Outreach_Data!$Y$2:$Y$79,">0")/COUNTA(Outreach_Data!$A$2:$A$79) -> 0.62820513
B31: Total issue flags raised (row level) | D31: =SUM(Outreach_Data!$Y$2:$Y$79) -> 79
B32: Checks with at least one failing record | D32: =COUNTIF(D5:D25,">0")&" of "&ROWS(D5:D25) -> 21 of 21
A35: Observations & how they were handled in this workbook
A36: • Label variants (status, region, engagement) were standardised with the Lists sheet via formulas; the raw columns are left untouched so the original entries can be audited.
A37: • Dates stored as text are not corrected in place; they are excluded from date-based metrics (recency, overdue, monthly trend) and counted as an issue instead.
A38: • Duplicates are kept in the data; the dashboard shows both unique embassies and total records, so the duplication effect is visible.
A39: • 'Not Recorded' rows appear in the status, region and engagement tables so that totals always reconcile to the full record count.
A40: • 'Issue Count' (Outreach_Data, column Y) gives a per-record flag count; filter it to build a clean-up worklist for owners.
A41: • Data in this workbook is an illustrative sample created for the assessment because the source database was not supplied; patterns shown are not real findings.

Sheet Outreach_Data
A1: Embassy ID | B1: Embassy (Country) | C1: Region | D1: Contact Person | E1: Designation | F1: Email | G1: Phone | H1: Outreach Channel | I1: Owner | J1: First Contact Date | K1: Last Contact Date | L1: Status | M1: Engagement Level | N1: Interactions | O1: Next Action | P1: Next Action Due | Q1: Remarks | R1: Std Region | S1: Std Status | T1: Std Engagement | U1: Days Since Last Contact | V1: Overdue? (1/0) | W1: Days Overdue | X1: Stale? (1/0) | Y1: Issue Count | Z1: Priority Key | AA1: Engaged? (1/0) | AB1: Outreach Started? (1/0)
A2: EMB-001 | B2: Chile | C2: Americas | D2: Layla Silva | E2: First Secretary | F2: layla.silva@chile-embassy.example | G2: +91-11-2846-3330 | H2: Email | I2: Aisha Khan | L2: Not Started | M2: None | N2: 0 | O2: Send introductory letter | P2: 46314 | Q2: Prefers formal letters | R2: =IF(TRIM(C2)="","Not Recorded",IFERROR(INDEX(Lists!$B$2:$B$60,MATCH(TRIM(C2),Lists!$A$2:$A$60,0)),"Not Recorded")) -> Americas | S2: =IF(TRIM(L2)="","Not Recorded",IFERROR(INDEX(Lists!$E$2:$E$60,MATCH(TRIM(L2),Lists!$D$2:$D$60,0)),"Not Recorded")) -> Not Started | T2: =IF(TRIM(M2)="","Not Recorded",IFERROR(INDEX(Lists!$H$2:$H$60,MATCH(TRIM(M2),Lists!$G$2:$G$60,0)),"Not Recorded")) -> None | U2: =IF(ISNUMBER(K2),Lists!$K$2-K2,"") | V2: =IF(AND(ISNUMBER(P2),P2<Lists!$K$2,S2<>"On Hold"),1,0) -> 0 | W2: =IF(V2=1,Lists!$K$2-P2,0) -> 0 | X2: =IF(AND(ISNUMBER(K2),S2<>"On Hold"),IF(Lists!$K$2-K2>Lists!$K$3,1,0),0) -> 0 | Y2: =(F2="")+IF(F2="",0,ISERROR(FIND("@",F2))*1)+(D2="")+(I2="")+(R2="Not Recorded")+(S2="Not Recorded")+(T2="Not Recorded")+((ISTEXT(J2)+ISTEXT(K2)+ISTEXT(P2))>0)+IF(AND(ISNUMBER(J2),ISNUMBER(K2)),(K2<J2)*1,0)+IF(ISNUMBER(K2),(K2>Lists!$K$2)*1,0)+(COUNTIF($B$2:$B$79,B2)>1)+IF(S2="Not Started",(N2>0)*1,IF(S2="Not Recorded",0,(N2=0)*1))+IF(AND(S2<>"Not Started",S2<>"Not Recorded"),(K2="")*1,0)+(P2="")+(G2="")+IF(G2="",0,(LEFT(G2,1)<>"+")*1) -> 1 | Z2: =IF(V2=1,W2+ROW()/100000,0) -> 0 | AA2: =IF(OR(S2="In Discussion",S2="Meeting Scheduled",S2="Partnership Active"),1,0) -> 0 | AB2: =IF(AND(S2<>"Not Started",S2<>"Not Recorded"),1,0) -> 0
A3: EMB-002 | B3: Indonesia | C3: Asia-Pacific | E3: Commercial Counsellor | F3: fatima.lindberg@indonesia-embassy.example | G3: +91-11-2323-5272 | H3: Phone | I3: Karan Joshi | J3: 46168 | K3: 46211 | L3: No Response | M3: LOW | N3: 2 | O3: Escalate via phone / alternate contact | P3: 46240 | R3: =IF(TRIM(C3)="","Not Recorded",IFERROR(INDEX(Lists!$B$2:$B$60,MATCH(TRIM(C3),Lists!$A$2:$A$60,0)),"Not Recorded")) -> Asia-Pacific | S3: =IF(TRIM(L3)="","Not Recorded",IFERROR(INDEX(Lists!$E$2:$E$60,MATCH(TRIM(L3),Lists!$D$2:$D$60,0)),"Not Recorded")) -> No Response | T3: =IF(TRIM(M3)="","Not Recorded",IFERROR(INDEX(Lists!$H$2:$H$60,MATCH(TRIM(M3),Lists!$G$2:$G$60,0)),"Not Recorded")) -> Low | U3: =IF(ISNUMBER(K3),Lists!$K$2-K3,"") -> 90 | V3: =IF(AND(ISNUMBER(P3),P3<Lists!$K$2,S3<>"On Hold"),1,0) -> 1 | W3: =IF(V3=1,Lists!$K$2-P3,0) -> 61 | X3: =IF(AND(ISNUMBER(K3),S3<>"On Hold"),IF(Lists!$K$2-K3>Lists!$K$3,1,0),0) -> 1 | Y3: =(F3="")+IF(F3="",0,ISERROR(FIND("@",F3))*1)+(D3="")+(I3="")+(R3="Not Recorded")+(S3="Not Recorded")+(T3="Not Recorded")+((ISTEXT(J3)+ISTEXT(K3)+ISTEXT(P3))>0)+IF(AND(ISNUMBER(J3),ISNUMBER(K3)),(K3<J3)*1,0)+IF(ISNUMBER(K3),(K3>Lists!$K$2)*1,0)+(COUNTIF($B$2:$B$79,B3)>1)+IF(S3="Not Started",(N3>0)*1,IF(S3="Not Recorded",0,(N3=0)*1))+IF(AND(S3<>"Not Started",S3<>"Not Recorded"),(K3="")*1,0)+(P3="")+(G3="")+IF(G3="",0,(LEFT(G3,1)<>"+")*1) -> 1 | Z3: =IF(V3=1,W3+ROW()/100000,0) -> 61.00003 | AA3: =IF(OR(S3="In Discussion",S3="Meeting Scheduled",S3="Partnership Active"),1,0) -> 0 | AB3: =IF(AND(S3<>"Not Started",S3<>"Not Recorded"),1,0) -> 1
A4: EMB-003 | B4: Mexico | C4: Americas | D4: Grace Garcia | E4: Protocol Officer | F4: grace.garcia@mexico-embassy.example | G4: +91-11-2880-8438 | H4: Email | I4: Karan Joshi | L4: Not Started | M4: None | N4: 0 | O4: Send introductory letter | P4: 46313 | Q4: Prefers formal letters | R4: =IF(TRIM(C4)="","Not Recorded",IFERROR(INDEX(Lists!$B$2:$B$60,MATCH(TRIM(C4),Lists!$A$2:$A$60,0)),"Not Recorded")) -> Americas | S4: =IF(TRIM(L4)="","Not Recorded",IFERROR(INDEX(Lists!$E$2:$E$60,MATCH(TRIM(L4),Lists!$D$2:$D$60,0)),"Not Recorded")) -> Not Started | T4: =IF(TRIM(M4)="","Not Recorded",IFERROR(INDEX(Lists!$H$2:$H$60,MATCH(TRIM(M4),Lists!$G$2:$G$60,0)),"Not Recorded")) -> None | U4: =IF(ISNUMBER(K4),Lists!$K$2-K4,"") | V4: =IF(AND(ISNUMBER(P4),P4<Lists!$K$2,S4<>"On Hold"),1,0) -> 0 | W4: =IF(V4=1,Lists!$K$2-P4,0) -> 0 | X4: =IF(AND(ISNUMBER(K4),S4<>"On Hold"),IF(Lists!$K$2-K4>Lists!$K$3,1,0),0) -> 0 | Y4: =(F4="")+IF(F4="",0,ISERROR(FIND("@",F4))*1)+(D4="")+(I4="")+(R4="Not Recorded")+(S4="Not Recorded")+(T4="Not Recorded")+((ISTEXT(J4)+ISTEXT(K4)+ISTEXT(P4))>0)+IF(AND(ISNUMBER(J4),ISNUMBER(K4)),(K4<J4)*1,0)+IF(ISNUMBER(K4),(K4>Lists!$K$2)*1,0)+(COUNTIF($B$2:$B$79,B4)>1)+IF(S4="Not Started",(N4>0)*1,IF(S4="Not Recorded",0,(N4=0)*1))+IF(AND(S4<>"Not Started",S4<>"Not Recorded"),(K4="")*1,0)+(P4="")+(G4="")+IF(G4="",0,(LEFT(G4,1)<>"+")*1) -> 0 | Z4: =IF(V4=1,W4+ROW()/100000,0) -> 0 | AA4: =IF(OR(S4="In Discussion",S4="Meeting Scheduled",S4="Partnership Active"),1,0) -> 0 | AB4: =IF(AND(S4<>"Not Started",S4<>"Not Recorded"),1,0) -> 0
A5: EMB-004 | B5: Laos | C5: Asia-Pacific | D5: Pedro Dubois | E5: Protocol Officer | F5: pedro.dubois@laos-embassy.example | G5: +91-11-2302-3085 | H5: Phone | I5: Imran Sheikh | J5: 46201 | K5: 46288 | L5: in discussion | M5: Medium | N5: 8 | O5: Share proposal / MoU draft | P5: 46323 | Q5: Awaiting reply from HQ | R5: =IF(TRIM(C5)="","Not Recorded",IFERROR(INDEX(Lists!$B$2:$B$60,MATCH(TRIM(C5),Lists!$A$2:$A$60,0)),"Not Recorded")) -> Asia-Pacific | S5: =IF(TRIM(L5)="","Not Recorded",IFERROR(INDEX(Lists!$E$2:$E$60,MATCH(TRIM(L5),Lists!$D$2:$D$60,0)),"Not Recorded")) -> In Discussion | T5: =IF(TRIM(M5)="","Not Recorded",IFERROR(INDEX(Lists!$H$2:$H$60,MATCH(TRIM(M5),Lists!$G$2:$G$60,0)),"Not Recorded")) -> Medium | U5: =IF(ISNUMBER(K5),Lists!$K$2-K5,"") -> 13 | V5: =IF(AND(ISNUMBER(P5),P5<Lists!$K$2,S5<>"On Hold"),1,0) -> 0 | W5: =IF(V5=1,Lists!$K$2-P5,0) -> 0 | X5: =IF(AND(ISNUMBER(K5),S5<>"On Hold"),IF(Lists!$K$2-K5>Lists!$K$3,1,0),0) -> 0 | Y5: =(F5="")+IF(F5="",0,ISERROR(FIND("@",F5))*1)+(D5="")+(I5="")+(R5="Not Recorded")+(S5="Not Recorded")+(T5="Not Recorded")+((ISTEXT(J5)+ISTEXT(K5)+ISTEXT(P5))>0)+IF(AND(ISNUMBER(J5),ISNUMBER(K5)),(K5<J5)*1,0)+IF(ISNUMBER(K5),(K5>Lists!$K$2)*1,0)+(COUNTIF($B$2:$B$79,B5)>1)+IF(S5="Not Started",(N5>0)*1,IF(S5="Not Recorded",0,(N5=0)*1))+IF(AND(S5<>"Not Started",S5<>"Not Recorded"),(K5="")*1,0)+(P5="")+(G5="")+IF(G5="",0,(LEFT(G5,1)<>"+")*1) -> 0 | Z5: =IF(V5=1,W5+ROW()/100000,0) -> 0 | AA5: =IF(OR(S5="In Discussion",S5="Meeting Scheduled",S5="Partnership Active"),1,0) -> 1 | AB5: =IF(AND(S5<>"Not Started",S5<>"Not Recorded"),1,0) -> 1
A6: EMB-005 | B6: Vietnam | C6: Asia-Pacific | D6: Hiro Petrov | E6: Ambassador's Office | F6: hiro.petrov.vietnam-embassy.example | G6: +91-11-2911-2753 | H6: Letter | I6: Rohan Mehta | J6: 46148 | K6: 46338 | L6: On Hold | M6: Medium | N6: 6 | O6: Review in next quarter | Q6: Prefers formal letters | R6: =IF(TRIM(C6)="","Not Recorded",IFERROR(INDEX(Lists!$B$2:$B$60,MATCH(TRIM(C6),Lists!$A$2:$A$60,0)),"Not Recorded")) -> Asia-Pacific | S6: =IF(TRIM(L6)="","Not Recorded",IFERROR(INDEX(Lists!$E$2:$E$60,MATCH(TRIM(L6),Lists!$D$2:$D$60,0)),"Not Recorded")) -> On Hold | T6: =IF(TRIM(M6)="","Not Recorded",IFERROR(INDEX(Lists!$H$2:$H$60,MATCH(TRIM(M6),Lists!$G$2:$G$60,0)),"Not Recorded")) -> Medium | U6: =IF(ISNUMBER(K6),Lists!$K$2-K6,"") -> -37 | V6: =IF(AND(ISNUMBER(P6),P6<Lists!$K$2,S6<>"On Hold"),1,0) -> 0 | W6: =IF(V6=1,Lists!$K$2-P6,0) -> 0 | X6: =IF(AND(ISNUMBER(K6),S6<>"On Hold"),IF(Lists!$K$2-K6>Lists!$K$3,1,0),0) -> 0 | Y6: =(F6="")+IF(F6="",0,ISERROR(FIND("@",F6))*1)+(D6="")+(I6="")+(R6="Not Recorded")+(S6="Not Recorded")+(T6="Not Recorded")+((ISTEXT(J6)+ISTEXT(K6)+ISTEXT(P6))>0)+IF(AND(ISNUMBER(J6),ISNUMBER(K6)),(K6<J6)*1,0)+IF(ISNUMBER(K6),(K6>Lists!$K$2)*1,0)+(COUNTIF($B$2:$B$79,B6)>1)+IF(S6="Not Started",(N6>0)*1,IF(S6="Not Recorded",0,(N6=0)*1))+IF(AND(S6<>"Not Started",S6<>"Not Recorded"),(K6="")*1,0)+(P6="")+(G6="")+IF(G6="",0,(LEFT(G6,1)<>"+")*1) -> 3 | Z6: =IF(V6=1,W6+ROW()/100000,0) -> 0 | AA6: =IF(OR(S6="In Discussion",S6="Meeting Scheduled",S6="Partnership Active"),1,0) -> 0 | AB6: =IF(AND(S6<>"Not Started",S6<>"Not Recorded"),1,0) -> 1
A7: EMB-006 | B7: China | C7: Asia-Pacific | D7: Lucas Chen | E7: Ambassador's Office | G7: +91-11-2118-5279 | H7: Phone | I7: Neha Verma | J7: 46140 | K7: 46261 | L7: in discussion | M7: High | N7: 3 | O7: Share proposal / MoU draft | P7: 46293 | R7: =IF(TRIM(C7)="","Not Recorded",IFERROR(INDEX(Lists!$B$2:$B$60,MATCH(TRIM(C7),Lists!$A$2:$A$60,0)),"Not Recorded")) -> Asia-Pacific | S7: =IF(TRIM(L7)="","Not Recorded",IFERROR(INDEX(Lists!$E$2:$E$60,MATCH(TRIM(L7),Lists!$D$2:$D$60,0)),"Not Recorded")) -> In Discussion | T7: =IF(TRIM(M7)="","Not Recorded",IFERROR(INDEX(Lists!$H$2:$H$60,MATCH(TRIM(M7),Lists!$G$2:$G$60,0)),"Not Recorded")) -> High | U7: =IF(ISNUMBER(K7),Lists!$K$2-K7,"") -> 40 | V7: =IF(AND(ISNUMBER(P7),P7<Lists!$K$2,S7<>"On Hold"),1,0) -> 1 | W7: =IF(V7=1,Lists!$K$2-P7,0) -> 8 | X7: =IF(AND(ISNUMBER(K7),S7<>"On Hold"),IF(Lists!$K$2-K7>Lists!$K$3,1,0),0) -> 1 | Y7: =(F7="")+IF(F7="",0,ISERROR(FIND("@",F7))*1)+(D7="")+(I7="")+(R7="Not Recorded")+(S7="Not Recorded")+(T7="Not Recorded")+((ISTEXT(J7)+ISTEXT(K7)+ISTEXT(P7))>0)+IF(AND(ISNUMBER(J7),ISNUMBER(K7)),(K7<J7)*1,0)+IF(ISNUMBER(K7),(K7>Lists!$K$2)*1,0)+(COUNTIF($B$2:$B$79,B7)>1)+IF(S7="Not Started",(N7>0)*1,IF(S7="Not Recorded",0,(N7=0)*1))+IF(AND(S7<>"Not Started",S7<>"Not Recorded"),(K7="")*1,0)+(P7="")+(G7="")+IF(G7="",0,(LEFT(G7,1)<>"+")*1) -> 1 | Z7: =IF(V7=1,W7+ROW()/100000,0) -> 8.00007 | AA7: =IF(OR(S7="In Discussion",S7="Meeting Scheduled",S7="Partnership Active"),1,0) -> 1 | AB7: =IF(AND(S7<>"Not Started",S7<>"Not Recorded"),1,0) -> 1
A8: EMB-007 | B8: Colombia | C8: Americas | D8: Yusuf Chen | E8: Commercial Counsellor | F8: yusuf.chen@colombia-embassy.example | G8: +91-11-2256-1423 | H8: Email | I8: Rohan Mehta | L8: Not Started | M8: None | N8: 0 | O8: Send introductory letter | P8: 46322 | Q8: Holiday season delay | R8: =IF(TRIM(C8)="","Not Recorded",IFERROR(INDEX(Lists!$B$2:$B$60,MATCH(TRIM(C8),Lists!$A$2:$A$60,0)),"Not Recorded")) -> Americas | S8: =IF(TRIM(L8)="","Not Recorded",IFERROR(INDEX(Lists!$E$2:$E$60,MATCH(TRIM(L8),Lists!$D$2:$D$60,0)),"Not Recorded")) -> Not Started | T8: =IF(TRIM(M8)="","Not Recorded",IFERROR(INDEX(Lists!$H$2:$H$60,MATCH(TRIM(M8),Lists!$G$2:$G$60,0)),"Not Recorded")) -> None | U8: =IF(ISNUMBER(K8),Lists!$K$2-K8,"") | V8: =IF(AND(ISNUMBER(P8),P8<Lists!$K$2,S8<>"On Hold"),1,0) -> 0 | W8: =IF(V8=1,Lists!$K$2-P8,0) -> 0 | X8: =IF(AND(ISNUMBER(K8),S8<>"On Hold"),IF(Lists!$K$2-K8>Lists!$K$3,1,0),0) -> 0 | Y8: =(F8="")+IF(F8="",0,ISERROR(FIND("@",F8))*1)+(D8="")+(I8="")+(R8="Not Recorded")+(S8="Not Recorded")+(T8="Not Recorded")+((ISTEXT(J8)+ISTEXT(K8)+ISTEXT(P8))>0)+IF(AND(ISNUMBER(J8),ISNUMBER(K8)),(K8<J8)*1,0)+IF(ISNUMBER(K8),(K8>Lists!$K$2)*1,0)+(COUNTIF($B$2:$B$79,B8)>1)+IF(S8="Not Started",(N8>0)*1,IF(S8="Not Recorded",0,(N8=0)*1))+IF(AND(S8<>"Not Started",S8<>"Not Recorded"),(K8="")*1,0)+(P8="")+(G8="")+IF(G8="",0,(LEFT(G8,1)<>"+")*1) -> 0 | Z8: =IF(V8=1,W8+ROW()/100000,0) -> 0 | AA8: =IF(OR(S8="In Discussion",S8="Meeting Scheduled",S8="Partnership Active"),1,0) -> 0 | AB8: =IF(AND(S8<>"Not Started",S8<>"Not Recorded"),1,0) -> 0
A9: EMB-008 | B9: Algeria | C9: Africa | D9: Layla Park | E9: Protocol Officer | F9: layla.park@algeria-embassy.example | G9: +91-11-2197-6169 | H9: Email | I9: Karan Joshi | J9: 46283 | K9: 18-Sep-2026 | L9: Contacted | M9: Medium | N9: 1 | O9: Follow-up email | P9: 46323 | R9: =IF(TRIM(C9)="","Not Recorded",IFERROR(INDEX(Lists!$B$2:$B$60,MATCH(TRIM(C9),Lists!$A$2:$A$60,0)),"Not Recorded")) -> Africa | S9: =IF(TRIM(L9)="","Not Recorded",IFERROR(INDEX(Lists!$E$2:$E$60,MATCH(TRIM(L9),Lists!$D$2:$D$60,0)),"Not Recorded")) -> Contacted | T9: =IF(TRIM(M9)="","Not Recorded",IFERROR(INDEX(Lists!$H$2:$H$60,MATCH(TRIM(M9),Lists!$G$2:$G$60,0)),"Not Recorded")) -> Medium | U9: =IF(ISNUMBER(K9),Lists!$K$2-K9,"") | V9: =IF(AND(ISNUMBER(P9),P9<Lists!$K$2,S9<>"On Hold"),1,0) -> 0 | W9: =IF(V9=1,Lists!$K$2-P9,0) -> 0 | X9: =IF(AND(ISNUMBER(K9),S9<>"On Hold"),IF(Lists!$K$2-K9>Lists!$K$3,1,0),0) -> 0 | Y9: =(F9="")+IF(F9="",0,ISERROR(FIND("@",F9))*1)+(D9="")+(I9="")+(R9="Not Recorded")+(S9="Not Recorded")+(T9="Not Recorded")+((ISTEXT(J9)+ISTEXT(K9)+ISTEXT(P9))>0)+IF(AND(ISNUMBER(J9),ISNUMBER(K9)),(K9<J9)*1,0)+IF(ISNUMBER(K9),(K9>Lists!$K$2)*1,0)+(COUNTIF($B$2:$B$79,B9)>1)+IF(S9="Not Started",(N9>0)*1,IF(S9="Not Recorded",0,(N9=0)*1))+IF(AND(S9<>"Not Started",S9<>"Not Recorded"),(K9="")*1,0)+(P9="")+(G9="")+IF(G9="",0,(LEFT(G9,1)<>"+")*1) -> 1 | Z9: =IF(V9=1,W9+ROW()/100000,0) -> 0 | AA9: =IF(OR(S9="In Discussion",S9="Meeting Scheduled",S9="Partnership Active"),1,0) -> 0 | AB9: =IF(AND(S9<>"Not Started",S9<>"Not Recorded"),1,0) -> 1
A10: EMB-009 | B10: Jordan | C10: Middle East | D10: Fatima Rossi | E10: Political Counsellor | F10: fatima.rossi@jordan-embassy.example | G10: +91-11-2901-7232 | H10: Event | I10: Aisha Khan | J10: 46159 | K10: 46276 | L10: Partnership Active | M10: None | N10: 20 | O10: Quarterly review call | P10: 46320 | Q10: Prefers formal letters | R10: =IF(TRIM(C10)="","Not Recorded",IFERROR(INDEX(Lists!$B$2:$B$60,MATCH(TRIM(C10),Lists!$A$2:$A$60,0)),"Not Recorded")) -> Middle East | S10: =IF(TRIM(L10)="","Not Recorded",IFERROR(INDEX(Lists!$E$2:$E$60,MATCH(TRIM(L10),Lists!$D$2:$D$60,0)),"Not Recorded")) -> Partnership Active | T10: =IF(TRIM(M10)="","Not Recorded",IFERROR(INDEX(Lists!$H$2:$H$60,MATCH(TRIM(M10),Lists!$G$2:$G$60,0)),"Not Recorded")) -> None | U10: =IF(ISNUMBER(K10),Lists!$K$2-K10,"") -> 25 | V10: =IF(AND(ISNUMBER(P10),P10<Lists!$K$2,S10<>"On Hold"),1,0) -> 0 | W10: =IF(V10=1,Lists!$K$2-P10,0) -> 0 | X10: =IF(AND(ISNUMBER(K10),S10<>"On Hold"),IF(Lists!$K$2-K10>Lists!$K$3,1,0),0) -> 0 | Y10: =(F10="")+IF(F10="",0,ISERROR(FIND("@",F10))*1)+(D10="")+(I10="")+(R10="Not Recorded")+(S10="Not Recorded")+(T10="Not Recorded")+((ISTEXT(J10)+ISTEXT(K10)+ISTEXT(P10))>0)+IF(AND(ISNUMBER(J10),ISNUMBER(K10)),(K10<J10)*1,0)+IF(ISNUMBER(K10),(K10>Lists!$K$2)*1,0)+(COUNTIF($B$2:$B$79,B10)>1)+IF(S10="Not Started",(N10>0)*1,IF(S10="Not Recorded",0,(N10=0)*1))+IF(AND(S10<>"Not Started",S10<>"Not Recorded"),(K10="")*1,0)+(P10="")+(G10="")+IF(G10="",0,(LEFT(G10,1)<>"+")*1) -> 0 | Z10: =IF(V10=1,W10+ROW()/100000,0) -> 0 | AA10: =IF(OR(S10="In Discussion",S10="Meeting Scheduled",S10="Partnership Active"),1,0) -> 1 | AB10: =IF(AND(S10<>"Not Started",S10<>"Not Recorded"),1,0) -> 1
A11: EMB-010 | B11: South Korea | C11: Asia-pacific | D11: Kwame Fernandez | E11: Protocol Officer | F11: kwame.fernandez@southkorea-embassy.example | G11: +91-11-2735-8973 | H11: Phone | I11: Rohan Mehta | J11: 46187 | K11: 46187 | L11: No Response | M11: Low | N11: 1 | O11: Escalate via phone / alternate contact | P11: 46231 | R11: =IF(TRIM(C11)="","Not Recorded",IFERROR(INDEX(Lists!$B$2:$B$60,MATCH(TRIM(C11),Lists!$A$2:$A$60,0)),"Not Recorded")) -> Asia-Pacific | S11: =IF(TRIM(L11)="","Not Recorded",IFERROR(INDEX(Lists!$E$2:$E$60,MATCH(TRIM(L11),Lists!$D$2:$D$60,0)),"Not Recorded")) -> No Response | T11: =IF(TRIM(M11)="","Not Recorded",IFERROR(INDEX(Lists!$H$2:$H$60,MATCH(TRIM(M11),Lists!$G$2:$G$60,0)),"Not Recorded")) -> Low | U11: =IF(ISNUMBER(K11),Lists!$K$2-K11,"") -> 114 | V11: =IF(AND(ISNUMBER(P11),P11<Lists!$K$2,S11<>"On Hold"),1,0) -> 1 | W11: =IF(V11=1,Lists!$K$2-P11,0) -> 70 | X11: =IF(AND(ISNUMBER(K11),S11<>"On Hold"),IF(Lists!$K$2-K11>Lists!$K$3,1,0),0) -> 1 | Y11: =(F11="")+IF(F11="",0,ISERROR(FIND("@",F11))*1)+(D11="")+(I11="")+(R11="Not Recorded")+(S11="Not Recorded")+(T11="Not Recorded")+((ISTEXT(J11)+ISTEXT(K11)+ISTEXT(P11))>0)+IF(AND(ISNUMBER(J11),ISNUMBER(K11)),(K11<J11)*1,0)+IF(ISNUMBER(K11),(K11>Lists!$K$2)*1,0)+(COUNTIF($B$2:$B$79,B11)>1)+IF(S11="Not Started",(N11>0)*1,IF(S11="Not Recorded",0,(N11=0)*1))+IF(AND(S11<>"Not Started",S11<>"Not Recorded"),(K11="")*1,0)+(P11="")+(G11="")+IF(G11="",0,(LEFT(G11,1)<>"+")*1) -> 0 | Z11: =IF(V11=1,W11+ROW()/100000,0) -> 70.00011 | AA11: =IF(OR(S11="In Discussion",S11="Meeting Scheduled",S11="Partnership Active"),1,0) -> 0 | AB11: =IF(AND(S11<>"Not Started",S11<>"Not Recorded"),1,0) -> 1
A12: EMB-011 | B12: Bangladesh | C12: Asia-pacific | D12: Fatima Fernandez | E12: Cultural Attaché | F12: fatima.fernandez@bangladesh-embassy.example | G12: +91-11-2440-3088 | H12: Email | I12: Priya Nair | J12: 46214 | K12: 46287 | L12: Partnership Active | M12: High | N12: 13 | O12: Quarterly review call | P12: 46303 | R12: =IF(TRIM(C12)="","Not Recorded",IFERROR(INDEX(Lists!$B$2:$B$60,MATCH(TRIM(C12),Lists!$A$2:$A$60,0)),"Not Recorded")) -> Asia-Pacific | S12: =IF(TRIM(L12)="","Not Recorded",IFERROR(INDEX(Lists!$E$2:$E$60,MATCH(TRIM(L12),Lists!$D$2:$D$60,0)),"Not Recorded")) -> Partnership Active | T12: =IF(TRIM(M12)="","Not Recorded",IFERROR(INDEX(Lists!$H$2:$H$60,MATCH(TRIM(M12),Lists!$G$2:$G$60,0)),"Not Recorded")) -> High | U12: =IF(ISNUMBER(K12),Lists!$K$2-K12,"") -> 14 | V12: =IF(AND(ISNUMBER(P12),P12<Lists!$K$2,S12<>"On Hold"),1,0) -> 0 | W12: =IF(V12=1,Lists!$K$2-P12,0) -> 0 | X12: =IF(AND(ISNUMBER(K12),S12<>"On Hold"),IF(Lists!$K$2-K12>Lists!$K$3,1,0),0) -> 0 | Y12: =(F12="")+IF(F12="",0,ISERROR(FIND("@",F12))*1)+(D12="")+(I12="")+(R12="Not Recorded")+(S12="Not Recorded")+(T12="Not Recorded")+((ISTEXT(J12)+ISTEXT(K12)+ISTEXT(P12))>0)+IF(AND(ISNUMBER(J12),ISNUMBER(K12)),(K12<J12)*1,0)+IF(ISNUMBER(K12),(K12>Lists!$K$2)*1,0)+(COUNTIF($B$2:$B$79,B12)>1)+IF(S12="Not Started",(N12>0)*1,IF(S12="Not Recorded",0,(N12=0)*1))+IF(AND(S12<>"Not Started",S12<>"Not Recorded"),(K12="")*1,0)+(P12="")+(G12="")+IF(G12="",0,(LEFT(G12,1)<>"+")*1) -> 0 | Z12: =IF(V12=1,W12+ROW()/100000,0) -> 0 | AA12: =IF(OR(S12="In Discussion",S12="Meeting Scheduled",S12="Partnership Active"),1,0) -> 1 | AB12: =IF(AND(S12<>"Not Started",S12<>"Not Recorded"),1,0) -> 1
A13: EMB-012 | B13: Switzerland | C13: Europe | D13: Mina Mensah | E13: Press Officer | F13: mina.mensah@switzerland-embassy.example | G13: +91-11-2276-4598 | H13: Meeting | I13: Aisha Khan | J13: 46210 | K13: 46194 | L13: Meeting Scheduled | M13: Medium | N13: 6 | O13: Prepare meeting brief | R13: =IF(TRIM(C13)="","Not Recorded",IFERROR(INDEX(Lists!$B$2:$B$60,MATCH(TRIM(C13),Lists!$A$2:$A$60,0)),"Not Recorded")) -> Europe | S13: =IF(TRIM(L13)="","Not Recorded",IFERROR(INDEX(Lists!$E$2:$E$60,MATCH(TRIM(L13),Lists!$D$2:$D$60,0)),"Not Recorded")) -> Meeting Scheduled | T13: =IF(TRIM(M13)="","Not Recorded",IFERROR(INDEX(Lists!$H$2:$H$60,MATCH(TRIM(M13),Lists!$G$2:$G$60,0)),"Not Recorded")) -> Medium | U13: =IF(ISNUMBER(K13),Lists!$K$2-K13,"") -> 107 | V13: =IF(AND(ISNUMBER(P13),P13<Lists!$K$2,S13<>"On Hold"),1,0) -> 0 | W13: =IF(V13=1,Lists!$K$2-P13,0) -> 0 | X13: =IF(AND(ISNUMBER(K13),S13<>"On Hold"),IF(Lists!$K$2-K13>Lists!$K$3,1,0),0) -> 1 | Y13: =(F13="")+IF(F13="",0,ISERROR(FIND("@",F13))*1)+(D13="")+(I13="")+(R13="Not Recorded")+(S13="Not Recorded")+(T13="Not Recorded")+((ISTEXT(J13)+ISTEXT(K13)+ISTEXT(P13))>0)+IF(AND(ISNUMBER(J13),ISNUMBER(K13)),(K13<J13)*1,0)+IF(ISNUMBER(K13),(K13>Lists!$K$2)*1,0)+(COUNTIF($B$2:$B$79,B13)>1)+IF(S13="Not Started",(N13>0)*1,IF(S13="Not Recorded",0,(N13=0)*1))+IF(AND(S13<>"Not Started",S13<>"Not Recorded"),(K13="")*1,0)+(P13="")+(G13="")+IF(G13="",0,(LEFT(G13,1)<>"+")*1) -> 2 | Z13: =IF(V13=1,W13+ROW()/100000,0) -> 0 | AA13: =IF(OR(S13="In Discussion",S13="Meeting Scheduled",S13="Partnership Active"),1,0) -> 1 | AB13: =IF(AND(S13<>"Not Started",S13<>"Not Recorded"),1,0) -> 1
A14: EMB-013 | B14: Italy | C14: Europe | D14: Anna Haddad | E14: Protocol Officer | F14: anna.haddad@italy-embassy.example | G14: +91-11-2432-6574 | H14: Meeting | J14: 46291 | K14: 46291 | L14: Contacted | M14: Low | N14: 1 | O14: Follow-up email | P14: 46325 | Q14: Contact changed recently | R14: =IF(TRIM(C14)="","Not Recorded",IFERROR(INDEX(Lists!$B$2:$B$60,MATCH(TRIM(C14),Lists!$A$2:$A$60,0)),"Not Recorded")) -> Europe | S14: =IF(TRIM(L14)="","Not Recorded",IFERROR(INDEX(Lists!$E$2:$E$60,MATCH(TRIM(L14),Lists!$D$2:$D$60,0)),"Not Recorded")) -> Contacted | T14: =IF(TRIM(M14)="","Not Recorded",IFERROR(INDEX(Lists!$H$2:$H$60,MATCH(TRIM(M14),Lists!$G$2:$G$60,0)),"Not Recorded")) -> Low | U14: =IF(ISNUMBER(K14),Lists!$K$2-K14,"") -> 10 | V14: =IF(AND(ISNUMBER(P14),P14<Lists!$K$2,S14<>"On Hold"),1,0) -> 0 | W14: =IF(V14=1,Lists!$K$2-P14,0) -> 0 | X14: =IF(AND(ISNUMBER(K14),S14<>"On Hold"),IF(Lists!$K$2-K14>Lists!$K$3,1,0),0) -> 0 | Y14: =(F14="")+IF(F14="",0,ISERROR(FIND("@",F14))*1)+(D14="")+(I14="")+(R14="Not Recorded")+(S14="Not Recorded")+(T14="Not Recorded")+((ISTEXT(J14)+ISTEXT(K14)+ISTEXT(P14))>0)+IF(AND(ISNUMBER(J14),ISNUMBER(K14)),(K14<J14)*1,0)+IF(ISNUMBER(K14),(K14>Lists!$K$2)*1,0)+(COUNTIF($B$2:$B$79,B14)>1)+IF(S14="Not Started",(N14>0)*1,IF(S14="Not Recorded",0,(N14=0)*1))+IF(AND(S14<>"Not Started",S14<>"Not Recorded"),(K14="")*1,0)+(P14="")+(G14="")+IF(G14="",0,(LEFT(G14,1)<>"+")*1) -> 1 | Z14: =IF(V14=1,W14+ROW()/100000,0) -> 0 | AA14: =IF(OR(S14="In Discussion",S14="Meeting Scheduled",S14="Partnership Active"),1,0) -> 0 | AB14: =IF(AND(S14<>"Not Started",S14<>"Not Recorded"),1,0) -> 1
A15: EMB-014 | B15: Cambodia | D15: Lucas Nkosi | E15: First Secretary | F15: lucas.nkosi@cambodia-embassy.example | G15: +91-11-2441-2146 | H15: Meeting | I15: Neha Verma | J15: 46141 | K15: 46280 | L15: In Discussion | M15: High | N15: 3 | O15: Share proposal / MoU draft | P15: 46309 | Q15: Holiday season delay | R15: =IF(TRIM(C15)="","Not Recorded",IFERROR(INDEX(Lists!$B$2:$B$60,MATCH(TRIM(C15),Lists!$A$2:$A$60,0)),"Not Recorded")) -> Not Recorded | S15: =IF(TRIM(L15)="","Not Recorded",IFERROR(INDEX(Lists!$E$2:$E$60,MATCH(TRIM(L15),Lists!$D$2:$D$60,0)),"Not Recorded")) -> In Discussion | T15: =IF(TRIM(M15)="","Not Recorded",IFERROR(INDEX(Lists!$H$2:$H$60,MATCH(TRIM(M15),Lists!$G$2:$G$60,0)),"Not Recorded")) -> High | U15: =IF(ISNUMBER(K15),Lists!$K$2-K15,"") -> 21 | V15: =IF(AND(ISNUMBER(P15),P15<Lists!$K$2,S15<>"On Hold"),1,0) -> 0 | W15: =IF(V15=1,Lists!$K$2-P15,0) -> 0 | X15: =IF(AND(ISNUMBER(K15),S15<>"On Hold"),IF(Lists!$K$2-K15>Lists!$K$3,1,0),0) -> 0 | Y15: =(F15="")+IF(F15="",0,ISERROR(FIND("@",F15))*1)+(D15="")+(I15="")+(R15="Not Recorded")+(S15="Not Recorded")+(T15="Not Recorded")+((ISTEXT(J15)+ISTEXT(K15)+ISTEXT(P15))>0)+IF(AND(ISNUMBER(J15),ISNUMBER(K15)),(K15<J15)*1,0)+IF(ISNUMBER(K15),(K15>Lists!$K$2)*1,0)+(COUNTIF($B$2:$B$79,B15)>1)+IF(S15="Not Started",(N15>0)*1,IF(S15="Not Recorded",0,(N15=0)*1))+IF(AND(S15<>"Not Started",S15<>"Not Recorded"),(K15="")*1,0)+(P15="")+(G15="")+IF(G15="",0,(LEFT(G15,1)<>"+")*1) -> 1 | Z15: =IF(V15=1,W15+ROW()/100000,0) -> 0 | AA15: =IF(OR(S15="In Discussion",S15="Meeting Scheduled",S15="Partnership Active"),1,0) -> 1 | AB15: =IF(AND(S15<>"Not Started",S15<>"Not Recorded"),1,0) -> 1
A16: EMB-015 | B16: Malaysia | C16: Asia-Pacific | D16: Liam Rossi | E16: Press Officer | F16: liam.rossi@malaysia-embassy.example | G16: +91-11-2636-2638 | H16: Email | I16: Neha Verma | J16: 46146 | K16: 46245 | L16: No Response | M16: None | N16: 2 | O16: Escalate via phone / alternate contact | P16: 46259 | Q16: Requested brochure | R16: =IF(TRIM(C16)="","Not Recorded",IFERROR(INDEX(Lists!$B$2:$B$60,MATCH(TRIM(C16),Lists!$A$2:$A$60,0)),"Not Recorded")) -> Asia-Pacific | S16: =IF(TRIM(L16)="","Not Recorded",IFERROR(INDEX(Lists!$E$2:$E$60,MATCH(TRIM(L16),Lists!$D$2:$D$60,0)),"Not Recorded")) -> No Response | T16: =IF(TRIM(M16)="","Not Recorded",IFERROR(INDEX(Lists!$H$2:$H$60,MATCH(TRIM(M16),Lists!$G$2:$G$60,0)),"Not Recorded")) -> None | U16: =IF(ISNUMBER(K16),Lists!$K$2-K16,"") -> 56 | V16: =IF(AND(ISNUMBER(P16),P16<Lists!$K$2,S16<>"On Hold"),1,0) -> 1 | W16: =IF(V16=1,Lists!$K$2-P16,0) -> 42 | X16: =IF(AND(ISNUMBER(K16),S16<>"On Hold"),IF(Lists!$K$2-K16>Lists!$K$3,1,0),0) -> 1 | Y16: =(F16="")+IF(F16="",0,ISERROR(FIND("@",F16))*1)+(D16="")+(I16="")+(R16="Not Recorded")+(S16="Not Recorded")+(T16="Not Recorded")+((ISTEXT(J16)+ISTEXT(K16)+ISTEXT(P16))>0)+IF(AND(ISNUMBER(J16),ISNUMBER(K16)),(K16<J16)*1,0)+IF(ISNUMBER(K16),(K16>Lists!$K$2)*1,0)+(COUNTIF($B$2:$B$79,B16)>1)+IF(S16="Not Started",(N16>0)*1,IF(S16="Not Recorded",0,(N16=0)*1))+IF(AND(S16<>"Not Started",S16<>"Not Recorded"),(K16="")*1,0)+(P16="")+(G16="")+IF(G16="",0,(LEFT(G16,1)<>"+")*1) -> 0 | Z16: =IF(V16=1,W16+ROW()/100000,0) -> 42.00016 | AA16: =IF(OR(S16="In Discussion",S16="Meeting Scheduled",S16="Partnership Active"),1,0) -> 0 | AB16: =IF(AND(S16<>"Not Started",S16<>"Not Recorded"),1,0) -> 1
A17: EMB-016 | B17: Kuwait | C17: Middle East | D17: Sofia Mensah | E17: Cultural Attaché | F17: sofia.mensah@kuwait-embassy.example | G17: +91-11-2820-8612 | H17: Letter | I17: Neha Verma | J17: 46148 | K17: 46267 | L17: In Discussion | M17: Medium | N17: 6 | O17: Share proposal / MoU draft | P17: 46312 | Q17: Contact changed recently | R17: =IF(TRIM(C17)="","Not Recorded",IFERROR(INDEX(Lists!$B$2:$B$60,MATCH(TRIM(C17),Lists!$A$2:$A$60,0)),"Not Recorded")) -> Middle East | S17: =IF(TRIM(L17)="","Not Recorded",IFERROR(INDEX(Lists!$E$2:$E$60,MATCH(TRIM(L17),Lists!$D$2:$D$60,0)),"Not Recorded")) -> In Discussion | T17: =IF(TRIM(M17)="","Not Recorded",IFERROR(INDEX(Lists!$H$2:$H$60,MATCH(TRIM(M17),Lists!$G$2:$G$60,0)),"Not Recorded")) -> Medium | U17: =IF(ISNUMBER(K17),Lists!$K$2-K17,"") -> 34 | V17: =IF(AND(ISNUMBER(P17),P17<Lists!$K$2,S17<>"On Hold"),1,0) -> 0 | W17: =IF(V17=1,Lists!$K$2-P17,0) -> 0 | X17: =IF(AND(ISNUMBER(K17),S17<>"On Hold"),IF(Lists!$K$2-K17>Lists!$K$3,1,0),0) -> 1 | Y17: =(F17="")+IF(F17="",0,ISERROR(FIND("@",F17))*1)+(D17="")+(I17="")+(R17="Not Recorded")+(S17="Not Recorded")+(T17="Not Recorded")+((ISTEXT(J17)+ISTEXT(K17)+ISTEXT(P17))>0)+IF(AND(ISNUMBER(J17),ISNUMBER(K17)),(K17<J17)*1,0)+IF(ISNUMBER(K17),(K17>Lists!$K$2)*1,0)+(COUNTIF($B$2:$B$79,B17)>1)+IF(S17="Not Started",(N17>0)*1,IF(S17="Not Recorded",0,(N17=0)*1))+IF(AND(S17<>"Not Started",S17<>"Not Recorded"),(K17="")*1,0)+(P17="")+(G17="")+IF(G17="",0,(LEFT(G17,1)<>"+")*1) -> 0 | Z17: =IF(V17=1,W17+ROW()/100000,0) -> 0 | AA17: =IF(OR(S17="In Discussion",S17="Meeting Scheduled",S17="Partnership Active"),1,0) -> 1 | AB17: =IF(AND(S17<>"Not Started",S17<>"Not Recorded"),1,0) -> 1
A18: EMB-017 | B18: Lebanon | C18: Middle East | D18: Mina Müller | E18: First Secretary | F18: mina.müller@lebanon-embassy.example | H18: Phone | J18: 46195 | K18: 46276 | L18: Partnership Active | M18: High | N18: 20 | O18: Quarterly review call | Q18: Contact changed recently | R18: =IF(TRIM(C18)="","Not Recorded",IFERROR(INDEX(Lists!$B$2:$B$60,MATCH(TRIM(C18),Lists!$A$2:$A$60,0)),"Not Recorded")) -> Middle East | S18: =IF(TRIM(L18)="","Not Recorded",IFERROR(INDEX(Lists!$E$2:$E$60,MATCH(TRIM(L18),Lists!$D$2:$D$60,0)),"Not Recorded")) -> Partnership Active | T18: =IF(TRIM(M18)="","Not Recorded",IFERROR(INDEX(Lists!$H$2:$H$60,MATCH(TRIM(M18),Lists!$G$2:$G$60,0)),"Not Recorded")) -> High | U18: =IF(ISNUMBER(K18),Lists!$K$2-K18,"") -> 25 | V18: =IF(AND(ISNUMBER(P18),P18<Lists!$K$2,S18<>"On Hold"),1,0) -> 0 | W18: =IF(V18=1,Lists!$K$2-P18,0) -> 0 | X18: =IF(AND(ISNUMBER(K18),S18<>"On Hold"),IF(Lists!$K$2-K18>Lists!$K$3,1,0),0) -> 0 | Y18: =(F18="")+IF(F18="",0,ISERROR(FIND("@",F18))*1)+(D18="")+(I18="")+(R18="Not Recorded")+(S18="Not Recorded")+(T18="Not Recorded")+((ISTEXT(J18)+ISTEXT(K18)+ISTEXT(P18))>0)+IF(AND(ISNUMBER(J18),ISNUMBER(K18)),(K18<J18)*1,0)+IF(ISNUMBER(K18),(K18>Lists!$K$2)*1,0)+(COUNTIF($B$2:$B$79,B18)>1)+IF(S18="Not Started",(N18>0)*1,IF(S18="Not Recorded",0,(N18=0)*1))+IF(AND(S18<>"Not Started",S18<>"Not Recorded"),(K18="")*1,0)+(P18="")+(G18="")+IF(G18="",0,(LEFT(G18,1)<>"+")*1) -> 3 | Z18: =IF(V18=1,W18+ROW()/100000,0) -> 0 | AA18: =IF(OR(S18="In Discussion",S18="Meeting Scheduled",S18="Partnership Active"),1,0) -> 1 | AB18: =IF(AND(S18<>"Not Started",S18<>"Not Recorded"),1,0) -> 1
A19: EMB-018 | B19: Cuba | C19: Americas | D19: Mina Ali | E19: Commercial Counsellor | F19: mina.ali@cuba-embassy.example | G19: +91-11-2667-8245 | H19: Meeting | I19: Rohan Mehta | L19: Not Started | M19: None | N19: 1 | O19: Send introductory letter | P19: 46291 | Q19: Holiday season delay | R19: =IF(TRIM(C19)="","Not Recorded",IFERROR(INDEX(Lists!$B$2:$B$60,MATCH(TRIM(C19),Lists!$A$2:$A$60,0)),"Not Recorded")) -> Americas | S19: =IF(TRIM(L19)="","Not Recorded",IFERROR(INDEX(Lists!$E$2:$E$60,MATCH(TRIM(L19),Lists!$D$2:$D$60,0)),"Not Recorded")) -> Not Started | T19: =IF(TRIM(M19)="","Not Recorded",IFERROR(INDEX(Lists!$H$2:$H$60,MATCH(TRIM(M19),Lists!$G$2:$G$60,0)),"Not Recorded")) -> None | U19: =IF(ISNUMBER(K19),Lists!$K$2-K19,"") | V19: =IF(AND(ISNUMBER(P19),P19<Lists!$K$2,S19<>"On Hold"),1,0) -> 1 | W19: =IF(V19=1,Lists!$K$2-P19,0) -> 10 | X19: =IF(AND(ISNUMBER(K19),S19<>"On Hold"),IF(Lists!$K$2-K19>Lists!$K$3,1,0),0) -> 0 | Y19: =(F19="")+IF(F19="",0,ISERROR(FIND("@",F19))*1)+(D19="")+(I19="")+(R19="Not Recorded")+(S19="Not Recorded")+(T19="Not Recorded")+((ISTEXT(J19)+ISTEXT(K19)+ISTEXT(P19))>0)+IF(AND(ISNUMBER(J19),ISNUMBER(K19)),(K19<J19)*1,0)+IF(ISNUMBER(K19),(K19>Lists!$K$2)*1,0)+(COUNTIF($B$2:$B$79,B19)>1)+IF(S19="Not Started",(N19>0)*1,IF(S19="Not Recorded",0,(N19=0)*1))+IF(AND(S19<>"Not Started",S19<>"Not Recorded"),(K19="")*1,0)+(P19="")+(G19="")+IF(G19="",0,(LEFT(G19,1)<>"+")*1) -> 1 | Z19: =IF(V19=1,W19+ROW()/100000,0) -> 10.00019 | AA19: =IF(OR(S19="In Discussion",S19="Meeting Scheduled",S19="Partnership Active"),1,0) -> 0 | AB19: =IF(AND(S19<>"Not Started",S19<>"Not Recorded"),1,0) -> 0
A20: EMB-019 | B20: South Africa | C20: Africa | D20: Liam Ali | E20: Ambassador's Office | F20: liam.ali@southafrica-embassy.example | G20: +91-11-2767-9837 | H20: Email | I20: Priya Nair | J20: 46247 | K20: 46247 | L20: Contacted | M20: Low | N20: 1 | O20: Follow-up email | P20: 46259 | Q20: Holiday season delay | R20: =IF(TRIM(C20)="","Not Recorded",IFERROR(INDEX(Lists!$B$2:$B$60,MATCH(TRIM(C20),Lists!$A$2:$A$60,0)),"Not Recorded")) -> Africa | S20: =IF(TRIM(L20)="","Not Recorded",IFERROR(INDEX(Lists!$E$2:$E$60,MATCH(TRIM(L20),Lists!$D$2:$D$60,0)),"Not Recorded")) -> Contacted | T20: =IF(TRIM(M20)="","Not Recorded",IFERROR(INDEX(Lists!$H$2:$H$60,MATCH(TRIM(M20),Lists!$G$2:$G$60,0)),"Not Recorded")) -> Low | U20: =IF(ISNUMBER(K20),Lists!$K$2-K20,"") -> 54 | V20: =IF(AND(ISNUMBER(P20),P20<Lists!$K$2,S20<>"On Hold"),1,0) -> 1 | W20: =IF(V20=1,Lists!$K$2-P20,0) -> 42 | X20: =IF(AND(ISNUMBER(K20),S20<>"On Hold"),IF(Lists!$K$2-K20>Lists!$K$3,1,0),0) -> 1 | Y20: =(F20="")+IF(F20="",0,ISERROR(FIND("@",F20))*1)+(D20="")+(I20="")+(R20="Not Recorded")+(S20="Not Recorded")+(T20="Not Recorded")+((ISTEXT(J20)+ISTEXT(K20)+ISTEXT(P20))>0)+IF(AND(ISNUMBER(J20),ISNUMBER(K20)),(K20<J20)*1,0)+IF(ISNUMBER(K20),(K20>Lists!$K$2)*1,0)+(COUNTIF($B$2:$B$79,B20)>1)+IF(S20="Not Started",(N20>0)*1,IF(S20="Not Recorded",0,(N20=0)*1))+IF(AND(S20<>"Not Started",S20<>"Not Recorded"),(K20="")*1,0)+(P20="")+(G20="")+IF(G20="",0,(LEFT(G20,1)<>"+")*1) -> 0 | Z20: =IF(V20=1,W20+ROW()/100000,0) -> 42.0002 | AA20: =IF(OR(S20="In Discussion",S20="Meeting Scheduled",S20="Partnership Active"),1,0) -> 0 | AB20: =IF(AND(S20<>"Not Started",S20<>"Not Recorded"),1,0) -> 1
A21: EMB-020 | B21: Turkey | C21: Mideast | D21: Lucas Okafor | E21: Cultural Attaché | F21: lucas.okafor@turkey-embassy.example | G21: +91-11-2499-4595 | H21: Meeting | I21: Imran Sheikh | J21: 46177 | K21: 46290 | L21: Meeting Scheduled | M21: High | N21: 7 | O21: Prepare meeting brief | P21: 46310 | R21: =IF(TRIM(C21)="","Not Recorded",IFERROR(INDEX(Lists!$B$2:$B$60,MATCH(TRIM(C21),Lists!$A$2:$A$60,0)),"Not Recorded")) -> Middle East | S21: =IF(TRIM(L21)="","Not Recorded",IFERROR(INDEX(Lists!$E$2:$E$60,MATCH(TRIM(L21),Lists!$D$2:$D$60,0)),"Not Recorded")) -> Meeting Scheduled | T21: =IF(TRIM(M21)="","Not Recorded",IFERROR(INDEX(Lists!$H$2:$H$60,MATCH(TRIM(M21),Lists!$G$2:$G$60,0)),"Not Recorded")) -> High | U21: =IF(ISNUMBER(K21),Lists!$K$2-K21,"") -> 11 | V21: =IF(AND(ISNUMBER(P21),P21<Lists!$K$2,S21<>"On Hold"),1,0) -> 0 | W21: =IF(V21=1,Lists!$K$2-P21,0) -> 0 | X21: =IF(AND(ISNUMBER(K21),S21<>"On Hold"),IF(Lists!$K$2-K21>Lists!$K$3,1,0),0) -> 0 | Y21: =(F21="")+IF(F21="",0,ISERROR(FIND("@",F21))*1)+(D21="")+(I21="")+(R21="Not Recorded")+(S21="Not Recorded")+(T21="Not Recorded")+((ISTEXT(J21)+ISTEXT(K21)+ISTEXT(P21))>0)+IF(AND(ISNUMBER(J21),ISNUMBER(K21)),(K21<J21)*1,0)+IF(ISNUMBER(K21),(K21>Lists!$K$2)*1,0)+(COUNTIF($B$2:$B$79,B21)>1)+IF(S21="Not Started",(N21>0)*1,IF(S21="Not Recorded",0,(N21=0)*1))+IF(AND(S21<>"Not Started",S21<>"Not Recorded"),(K21="")*1,0)+(P21="")+(G21="")+IF(G21="",0,(LEFT(G21,1)<>"+")*1) -> 1 | Z21: =IF(V21=1,W21+ROW()/100000,0) -> 0 | AA21: =IF(OR(S21="In Discussion",S21="Meeting Scheduled",S21="Partnership Active"),1,0) -> 1 | AB21: =IF(AND(S21<>"Not Started",S21<>"Not Recorded"),1,0) -> 1
A22: EMB-021 | B22: Russia | C22: Europe | D22: Pedro Tanaka | E22: Commercial Counsellor | F22: pedro.tanaka.russia-embassy.example | G22: +91-11-2243-5562 | H22: Event | I22: Rohan Mehta | J22: 46133 | K22: 46264 | L22: Partnership Active | M22: Medium | N22: 48 | O22: Quarterly review call | P22: 46289 | R22: =IF(TRIM(C22)="","Not Recorded",IFERROR(INDEX(Lists!$B$2:$B$60,MATCH(TRIM(C22),Lists!$A$2:$A$60,0)),"Not Recorded")) -> Europe | S22: =IF(TRIM(L22)="","Not Recorded",IFERROR(INDEX(Lists!$E$2:$E$60,MATCH(TRIM(L22),Lists!$D$2:$D$60,0)),"Not Recorded")) -> Partnership Active | T22: =IF(TRIM(M22)="","Not Recorded",IFERROR(INDEX(Lists!$H$2:$H$60,MATCH(TRIM(M22),Lists!$G$2:$G$60,0)),"Not Recorded")) -> Medium | U22: =IF(ISNUMBER(K22),Lists!$K$2-K22,"") -> 37 | V22: =IF(AND(ISNUMBER(P22),P22<Lists!$K$2,S22<>"On Hold"),1,0) -> 1 | W22: =IF(V22=1,Lists!$K$2-P22,0) -> 12 | X22: =IF(AND(ISNUMBER(K22),S22<>"On Hold"),IF(Lists!$K$2-K22>Lists!$K$3,1,0),0) -> 1 | Y22: =(F22="")+IF(F22="",0,ISERROR(FIND("@",F22))*1)+(D22="")+(I22="")+(R22="Not Recorded")+(S22="Not Recorded")+(T22="Not Recorded")+((ISTEXT(J22)+ISTEXT(K22)+ISTEXT(P22))>0)+IF(AND(ISNUMBER(J22),ISNUMBER(K22)),(K22<J22)*1,0)+IF(ISNUMBER(K22),(K22>Lists!$K$2)*1,0)+(COUNTIF($B$2:$B$79,B22)>1)+IF(S22="Not Started",(N22>0)*1,IF(S22="Not Recorded",0,(N22=0)*1))+IF(AND(S22<>"Not Started",S22<>"Not Recorded"),(K22="")*1,0)+(P22="")+(G22="")+IF(G22="",0,(LEFT(G22,1)<>"+")*1) -> 1 | Z22: =IF(V22=1,W22+ROW()/100000,0) -> 12.00022 | AA22: =IF(OR(S22="In Discussion",S22="Meeting Scheduled",S22="Partnership Active"),1,0) -> 1 | AB22: =IF(AND(S22<>"Not Started",S22<>"Not Recorded"),1,0) -> 1
A23: EMB-022 | B23: Norway | C23: Europe | D23: Mina Novak | E23: Commercial Counsellor | F23: mina.novak@norway-embassy.example | G23: +91-11-2065-7304 | H23: Event | I23: Neha Verma | J23: 46249 | K23: 46261 | L23: Contacted | M23: Low | N23: 2 | O23: Follow-up email | P23: 46278 | Q23: Requested brochure | R23: =IF(TRIM(C23)="","Not Recorded",IFERROR(INDEX(Lists!$B$2:$B$60,MATCH(TRIM(C23),Lists!$A$2:$A$60,0)),"Not Recorded")) -> Europe | S23: =IF(TRIM(L23)="","Not Recorded",IFERROR(INDEX(Lists!$E$2:$E$60,MATCH(TRIM(L23),Lists!$D$2:$D$60,0)),"Not Recorded")) -> Contacted | T23: =IF(TRIM(M23)="","Not Recorded",IFERROR(INDEX(Lists!$H$2:$H$60,MATCH(TRIM(M23),Lists!$G$2:$G$60,0)),"Not Recorded")) -> Low | U23: =IF(ISNUMBER(K23),Lists!$K$2-K23,"") -> 40 | V23: =IF(AND(ISNUMBER(P23),P23<Lists!$K$2,S23<>"On Hold"),1,0) -> 1 | W23: =IF(V23=1,Lists!$K$2-P23,0) -> 23 | X23: =IF(AND(ISNUMBER(K23),S23<>"On Hold"),IF(Lists!$K$2-K23>Lists!$K$3,1,0),0) -> 1 | Y23: =(F23="")+IF(F23="",0,ISERROR(FIND("@",F23))*1)+(D23="")+(I23="")+(R23="Not Recorded")+(S23="Not Recorded")+(T23="Not Recorded")+((ISTEXT(J23)+ISTEXT(K23)+ISTEXT(P23))>0)+IF(AND(ISNUMBER(J23),ISNUMBER(K23)),(K23<J23)*1,0)+IF(ISNUMBER(K23),(K23>Lists!$K$2)*1,0)+(COUNTIF($B$2:$B$79,B23)>1)+IF(S23="Not Started",(N23>0)*1,IF(S23="Not Recorded",0,(N23=0)*1))+IF(AND(S23<>"Not Started",S23<>"Not Recorded"),(K23="")*1,0)+(P23="")+(G23="")+IF(G23="",0,(LEFT(G23,1)<>"+")*1) -> 0 | Z23: =IF(V23=1,W23+ROW()/100000,0) -> 23.00023 | AA23: =IF(OR(S23="In Discussion",S23="Meeting Scheduled",S23="Partnership Active"),1,0) -> 0 | AB23: =IF(AND(S23<>"Not Started",S23<>"Not Recorded"),1,0) -> 1
A24: EMB-023 | B24: Australia | C24: Asia-Pacific | D24: Pedro Müller | E24: Ambassador's Office | F24: pedro.müller@australia-embassy.example | H24: Letter | I24: Neha Verma | L24: Not Started | M24: None | N24: 0 | O24: Send introductory letter | P24: 46340 | R24: =IF(TRIM(C24)="","Not Recorded",IFERROR(INDEX(Lists!$B$2:$B$60,MATCH(TRIM(C24),Lists!$A$2:$A$60,0)),"Not Recorded")) -> Asia-Pacific | S24: =IF(TRIM(L24)="","Not Recorded",IFERROR(INDEX(Lists!$E$2:$E$60,MATCH(TRIM(L24),Lists!$D$2:$D$60,0)),"Not Recorded")) -> Not Started | T24: =IF(TRIM(M24)="","Not Recorded",IFERROR(INDEX(Lists!$H$2:$H$60,MATCH(TRIM(M24),Lists!$G$2:$G$60,0)),"Not Recorded")) -> None | U24: =IF(ISNUMBER(K24),Lists!$K$2-K24,"") | V24: =IF(AND(ISNUMBER(P24),P24<Lists!$K$2,S24<>"On Hold"),1,0) -> 0 | W24: =IF(V24=1,Lists!$K$2-P24,0) -> 0 | X24: =IF(AND(ISNUMBER(K24),S24<>"On Hold"),IF(Lists!$K$2-K24>Lists!$K$3,1,0),0) -> 0 | Y24: =(F24="")+IF(F24="",0,ISERROR(FIND("@",F24))*1)+(D24="")+(I24="")+(R24="Not Recorded")+(S24="Not Recorded")+(T24="Not Recorded")+((ISTEXT(J24)+ISTEXT(K24)+ISTEXT(P24))>0)+IF(AND(ISNUMBER(J24),ISNUMBER(K24)),(K24<J24)*1,0)+IF(ISNUMBER(K24),(K24>Lists!$K$2)*1,0)+(COUNTIF($B$2:$B$79,B24)>1)+IF(S24="Not Started",(N24>0)*1,IF(S24="Not Recorded",0,(N24=0)*1))+IF(AND(S24<>"Not Started",S24<>"Not Recorded"),(K24="")*1,0)+(P24="")+(G24="")+IF(G24="",0,(LEFT(G24,1)<>"+")*1) -> 1 | Z24: =IF(V24=1,W24+ROW()/100000,0) -> 0 | AA24: =IF(OR(S24="In Discussion",S24="Meeting Scheduled",S24="Partnership Active"),1,0) -> 0 | AB24: =IF(AND(S24<>"Not Started",S24<>"Not Recorded"),1,0) -> 0
A25: EMB-024 | B25: Morocco | C25: Africa | D25: Omar Chen | E25: First Secretary | F25: omar.chen@morocco-embassy.example | G25: 011 2901 5526 | H25: Letter | I25: Aisha Khan | J25: 46281 | K25: 46281 | M25: Medium | N25: 1 | O25: Follow-up email | P25: 46317 | R25: =IF(TRIM(C25)="","Not Recorded",IFERROR(INDEX(Lists!$B$2:$B$60,MATCH(TRIM(C25),Lists!$A$2:$A$60,0)),"Not Recorded")) -> Africa | S25: =IF(TRIM(L25)="","Not Recorded",IFERROR(INDEX(Lists!$E$2:$E$60,MATCH(TRIM(L25),Lists!$D$2:$D$60,0)),"Not Recorded")) -> Not Recorded | T25: =IF(TRIM(M25)="","Not Recorded",IFERROR(INDEX(Lists!$H$2:$H$60,MATCH(TRIM(M25),Lists!$G$2:$G$60,0)),"Not Recorded")) -> Medium | U25: =IF(ISNUMBER(K25),Lists!$K$2-K25,"") -> 20 | V25: =IF(AND(ISNUMBER(P25),P25<Lists!$K$2,S25<>"On Hold"),1,0) -> 0 | W25: =IF(V25=1,Lists!$K$2-P25,0) -> 0 | X25: =IF(AND(ISNUMBER(K25),S25<>"On Hold"),IF(Lists!$K$2-K25>Lists!$K$3,1,0),0) -> 0 | Y25: =(F25="")+IF(F25="",0,ISERROR(FIND("@",F25))*1)+(D25="")+(I25="")+(R25="Not Recorded")+(S25="Not Recorded")+(T25="Not Recorded")+((ISTEXT(J25)+ISTEXT(K25)+ISTEXT(P25))>0)+IF(AND(ISNUMBER(J25),ISNUMBER(K25)),(K25<J25)*1,0)+IF(ISNUMBER(K25),(K25>Lists!$K$2)*1,0)+(COUNTIF($B$2:$B$79,B25)>1)+IF(S25="Not Started",(N25>0)*1,IF(S25="Not Recorded",0,(N25=0)*1))+IF(AND(S25<>"Not Started",S25<>"Not Recorded"),(K25="")*1,0)+(P25="")+(G25="")+IF(G25="",0,(LEFT(G25,1)<>"+")*1) -> 2 | Z25: =IF(V25=1,W25+ROW()/100000,0) -> 0 | AA25: =IF(OR(S25="In Discussion",S25="Meeting Scheduled",S25="Partnership Active"),1,0) -> 0 | AB25: =IF(AND(S25<>"Not Started",S25<>"Not Recorded"),1,0) -> 0
A26: EMB-025 | B26: Guyana | C26: Americas | D26: Yusuf Chen | E26: First Secretary | F26: yusuf.chen@guyana-embassy.example | G26: +91-11-2686-2713 | H26: Phone | I26: Priya Nair | J26: 46065 | K26: 46177 | L26: No Response | M26: Low | N26: 2 | O26: Escalate via phone / alternate contact | P26: 46222 | Q26: Interested in cultural exchange | R26: =IF(TRIM(C26)="","Not Recorded",IFERROR(INDEX(Lists!$B$2:$B$60,MATCH(TRIM(C26),Lists!$A$2:$A$60,0)),"Not Recorded")) -> Americas | S26: =IF(TRIM(L26)="","Not Recorded",IFERROR(INDEX(Lists!$E$2:$E$60,MATCH(TRIM(L26),Lists!$D$2:$D$60,0)),"Not Recorded")) -> No Response | T26: =IF(TRIM(M26)="","Not Recorded",IFERROR(INDEX(Lists!$H$2:$H$60,MATCH(TRIM(M26),Lists!$G$2:$G$60,0)),"Not Recorded")) -> Low | U26: =IF(ISNUMBER(K26),Lists!$K$2-K26,"") -> 124 | V26: =IF(AND(ISNUMBER(P26),P26<Lists!$K$2,S26<>"On Hold"),1,0) -> 1 | W26: =IF(V26=1,Lists!$K$2-P26,0) -> 79 | X26: =IF(AND(ISNUMBER(K26),S26<>"On Hold"),IF(Lists!$K$2-K26>Lists!$K$3,1,0),0) -> 1 | Y26: =(F26="")+IF(F26="",0,ISERROR(FIND("@",F26))*1)+(D26="")+(I26="")+(R26="Not Recorded")+(S26="Not Recorded")+(T26="Not Recorded")+((ISTEXT(J26)+ISTEXT(K26)+ISTEXT(P26))>0)+IF(AND(ISNUMBER(J26),ISNUMBER(K26)),(K26<J26)*1,0)+IF(ISNUMBER(K26),(K26>Lists!$K$2)*1,0)+(COUNTIF($B$2:$B$79,B26)>1)+IF(S26="Not Started",(N26>0)*1,IF(S26="Not Recorded",0,(N26=0)*1))+IF(AND(S26<>"Not Started",S26<>"Not Recorded"),(K26="")*1,0)+(P26="")+(G26="")+IF(G26="",0,(LEFT(G26,1)<>"+")*1) -> 0 | Z26: =IF(V26=1,W26+ROW()/100000,0) -> 79.00026 | AA26: =IF(OR(S26="In Discussion",S26="Meeting Scheduled",S26="Partnership Active"),1,0) -> 0 | AB26: =IF(AND(S26<>"Not Started",S26<>"Not Recorded"),1,0) -> 1
A27: EMB-026 | B27: Japan | C27: Asia-Pacific | D27: Tariq Ali | E27: Cultural Attaché | F27: tariq.ali@japan-embassy.example | H27: Email | I27: Rohan Mehta | J27: 46154 | K27: 46131 | L27: Contacted | M27: Low | N27: 2 | O27: Follow-up email | P27: 46308 | R27: =IF(TRIM(C27)="","Not Recorded",IFERROR(INDEX(Lists!$B$2:$B$60,MATCH(TRIM(C27),Lists!$A$2:$A$60,0)),"Not Recorded")) -> Asia-Pacific | S27: =IF(TRIM(L27)="","Not Recorded",IFERROR(INDEX(Lists!$E$2:$E$60,MATCH(TRIM(L27),Lists!$D$2:$D$60,0)),"Not Recorded")) -> Contacted | T27: =IF(TRIM(M27)="","Not Recorded",IFERROR(INDEX(Lists!$H$2:$H$60,MATCH(TRIM(M27),Lists!$G$2:$G$60,0)),"Not Recorded")) -> Low | U27: =IF(ISNUMBER(K27),Lists!$K$2-K27,"") -> 170 | V27: =IF(AND(ISNUMBER(P27),P27<Lists!$K$2,S27<>"On Hold"),1,0) -> 0 | W27: =IF(V27=1,Lists!$K$2-P27,0) -> 0 | X27: =IF(AND(ISNUMBER(K27),S27<>"On Hold"),IF(Lists!$K$2-K27>Lists!$K$3,1,0),0) -> 1 | Y27: =(F27="")+IF(F27="",0,ISERROR(FIND("@",F27))*1)+(D27="")+(I27="")+(R27="Not Recorded")+(S27="Not Recorded")+(T27="Not Recorded")+((ISTEXT(J27)+ISTEXT(K27)+ISTEXT(P27))>0)+IF(AND(ISNUMBER(J27),ISNUMBER(K27)),(K27<J27)*1,0)+IF(ISNUMBER(K27),(K27>Lists!$K$2)*1,0)+(COUNTIF($B$2:$B$79,B27)>1)+IF(S27="Not Started",(N27>0)*1,IF(S27="Not Recorded",0,(N27=0)*1))+IF(AND(S27<>"Not Started",S27<>"Not Recorded"),(K27="")*1,0)+(P27="")+(G27="")+IF(G27="",0,(LEFT(G27,1)<>"+")*1) -> 2 | Z27: =IF(V27=1,W27+ROW()/100000,0) -> 0 | AA27: =IF(OR(S27="In Discussion",S27="Meeting Scheduled",S27="Partnership Active"),1,0) -> 0 | AB27: =IF(AND(S27<>"Not Started",S27<>"Not Recorded"),1,0) -> 1
A28: EMB-027 | B28: Iran | C28: Middle East | D28: Nora Nkosi | E28: Ambassador's Office | F28: nora.nkosi@iran-embassy.example | G28: +91-11-2424-7678 | H28: Meeting | I28: Neha Verma | J28: 46169 | K28: 46286 | L28: In Discussion | N28: 0 | O28: Share proposal / MoU draft | P28: 46320 | Q28: Awaiting reply from HQ | R28: =IF(TRIM(C28)="","Not Recorded",IFERROR(INDEX(Lists!$B$2:$B$60,MATCH(TRIM(C28),Lists!$A$2:$A$60,0)),"Not Recorded")) -> Middle East | S28: =IF(TRIM(L28)="","Not Recorded",IFERROR(INDEX(Lists!$E$2:$E$60,MATCH(TRIM(L28),Lists!$D$2:$D$60,0)),"Not Recorded")) -> In Discussion | T28: =IF(TRIM(M28)="","Not Recorded",IFERROR(INDEX(Lists!$H$2:$H$60,MATCH(TRIM(M28),Lists!$G$2:$G$60,0)),"Not Recorded")) -> Not Recorded | U28: =IF(ISNUMBER(K28),Lists!$K$2-K28,"") -> 15 | V28: =IF(AND(ISNUMBER(P28),P28<Lists!$K$2,S28<>"On Hold"),1,0) -> 0 | W28: =IF(V28=1,Lists!$K$2-P28,0) -> 0 | X28: =IF(AND(ISNUMBER(K28),S28<>"On Hold"),IF(Lists!$K$2-K28>Lists!$K$3,1,0),0) -> 0 | Y28: =(F28="")+IF(F28="",0,ISERROR(FIND("@",F28))*1)+(D28="")+(I28="")+(R28="Not Recorded")+(S28="Not Recorded")+(T28="Not Recorded")+((ISTEXT(J28)+ISTEXT(K28)+ISTEXT(P28))>0)+IF(AND(ISNUMBER(J28),ISNUMBER(K28)),(K28<J28)*1,0)+IF(ISNUMBER(K28),(K28>Lists!$K$2)*1,0)+(COUNTIF($B$2:$B$79,B28)>1)+IF(S28="Not Started",(N28>0)*1,IF(S28="Not Recorded",0,(N28=0)*1))+IF(AND(S28<>"Not Started",S28<>"Not Recorded"),(K28="")*1,0)+(P28="")+(G28="")+IF(G28="",0,(LEFT(G28,1)<>"+")*1) -> 2 | Z28: =IF(V28=1,W28+ROW()/100000,0) -> 0 | AA28: =IF(OR(S28="In Discussion",S28="Meeting Scheduled",S28="Partnership Active"),1,0) -> 1 | AB28: =IF(AND(S28<>"Not Started",S28<>"Not Recorded"),1,0) -> 1
A29: EMB-028 | B29: Bahrain | C29: Middle East | D29: Mina Ali | E29: Press Officer | F29: mina.ali@bahrain-embassy.example | G29: +91-11-2265-5050 | H29: Meeting | I29: Neha Verma | J29: 46226 | K29: 46226 | L29: No Response | M29: Low | N29: 1 | O29: Escalate via phone / alternate contact | P29: 46264 | Q29: Holiday season delay | R29: =IF(TRIM(C29)="","Not Recorded",IFERROR(INDEX(Lists!$B$2:$B$60,MATCH(TRIM(C29),Lists!$A$2:$A$60,0)),"Not Recorded")) -> Middle East | S29: =IF(TRIM(L29)="","Not Recorded",IFERROR(INDEX(Lists!$E$2:$E$60,MATCH(TRIM(L29),Lists!$D$2:$D$60,0)),"Not Recorded")) -> No Response | T29: =IF(TRIM(M29)="","Not Recorded",IFERROR(INDEX(Lists!$H$2:$H$60,MATCH(TRIM(M29),Lists!$G$2:$G$60,0)),"Not Recorded")) -> Low | U29: =IF(ISNUMBER(K29),Lists!$K$2-K29,"") -> 75 | V29: =IF(AND(ISNUMBER(P29),P29<Lists!$K$2,S29<>"On Hold"),1,0) -> 1 | W29: =IF(V29=1,Lists!$K$2-P29,0) -> 37 | X29: =IF(AND(ISNUMBER(K29),S29<>"On Hold"),IF(Lists!$K$2-K29>Lists!$K$3,1,0),0) -> 1 | Y29: =(F29="")+IF(F29="",0,ISERROR(FIND("@",F29))*1)+(D29="")+(I29="")+(R29="Not Recorded")+(S29="Not Recorded")+(T29="Not Recorded")+((ISTEXT(J29)+ISTEXT(K29)+ISTEXT(P29))>0)+IF(AND(ISNUMBER(J29),ISNUMBER(K29)),(K29<J29)*1,0)+IF(ISNUMBER(K29),(K29>Lists!$K$2)*1,0)+(COUNTIF($B$2:$B$79,B29)>1)+IF(S29="Not Started",(N29>0)*1,IF(S29="Not Recorded",0,(N29=0)*1))+IF(AND(S29<>"Not Started",S29<>"Not Recorded"),(K29="")*1,0)+(P29="")+(G29="")+IF(G29="",0,(LEFT(G29,1)<>"+")*1) -> 0 | Z29: =IF(V29=1,W29+ROW()/100000,0) -> 37.00029 | AA29: =IF(OR(S29="In Discussion",S29="Meeting Scheduled",S29="Partnership Active"),1,0) -> 0 | AB29: =IF(AND(S29<>"Not Started",S29<>"Not Recorded"),1,0) -> 1
A30: EMB-029 | B30: Brazil | C30: Americas | D30: Ingrid Garcia | E30: Political Counsellor | F30: ingrid.garcia@brazil-embassy.example | G30: +91-11-2602-8025 | H30: Meeting | I30: Neha Verma | J30: 46186 | K30: 46249 | L30: No Response | M30: None | N30: 3 | O30: Escalate via phone / alternate contact | P30: 46299 | Q30: Meeting postponed once | R30: =IF(TRIM(C30)="","Not Recorded",IFERROR(INDEX(Lists!$B$2:$B$60,MATCH(TRIM(C30),Lists!$A$2:$A$60,0)),"Not Recorded")) -> Americas | S30: =IF(TRIM(L30)="","Not Recorded",IFERROR(INDEX(Lists!$E$2:$E$60,MATCH(TRIM(L30),Lists!$D$2:$D$60,0)),"Not Recorded")) -> No Response | T30: =IF(TRIM(M30)="","Not Recorded",IFERROR(INDEX(Lists!$H$2:$H$60,MATCH(TRIM(M30),Lists!$G$2:$G$60,0)),"Not Recorded")) -> None | U30: =IF(ISNUMBER(K30),Lists!$K$2-K30,"") -> 52 | V30: =IF(AND(ISNUMBER(P30),P30<Lists!$K$2,S30<>"On Hold"),1,0) -> 1 | W30: =IF(V30=1,Lists!$K$2-P30,0) -> 2 | X30: =IF(AND(ISNUMBER(K30),S30<>"On Hold"),IF(Lists!$K$2-K30>Lists!$K$3,1,0),0) -> 1 | Y30: =(F30="")+IF(F30="",0,ISERROR(FIND("@",F30))*1)+(D30="")+(I30="")+(R30="Not Recorded")+(S30="Not Recorded")+(T30="Not Recorded")+((ISTEXT(J30)+ISTEXT(K30)+ISTEXT(P30))>0)+IF(AND(ISNUMBER(J30),ISNUMBER(K30)),(K30<J30)*1,0)+IF(ISNUMBER(K30),(K30>Lists!$K$2)*1,0)+(COUNTIF($B$2:$B$79,B30)>1)+IF(S30="Not Started",(N30>0)*1,IF(S30="Not Recorded",0,(N30=0)*1))+IF(AND(S30<>"Not Started",S30<>"Not Recorded"),(K30="")*1,0)+(P30="")+(G30="")+IF(G30="",0,(LEFT(G30,1)<>"+")*1) -> 0 | Z30: =IF(V30=1,W30+ROW()/100000,0) -> 2.0003 | AA30: =IF(OR(S30="In Discussion",S30="Meeting Scheduled",S30="Partnership Active"),1,0) -> 0 | AB30: =IF(AND(S30<>"Not Started",S30<>"Not Recorded"),1,0) -> 1
A31: EMB-030 | B31: Philippines | C31: Asia-Pacific | D31: Omar Haddad | E31: Protocol Officer | G31: +91-11-2452-8007 | H31: Letter | I31: Aisha Khan | J31: 46141 | K31: 46290 | L31: In Discussion | M31: Medium | N31: 8 | O31: Share proposal / MoU draft | P31: 46302 | R31: =IF(TRIM(C31)="","Not Recorded",IFERROR(INDEX(Lists!$B$2:$B$60,MATCH(TRIM(C31),Lists!$A$2:$A$60,0)),"Not Recorded")) -> Asia-Pacific | S31: =IF(TRIM(L31)="","Not Recorded",IFERROR(INDEX(Lists!$E$2:$E$60,MATCH(TRIM(L31),Lists!$D$2:$D$60,0)),"Not Recorded")) -> In Discussion | T31: =IF(TRIM(M31)="","Not Recorded",IFERROR(INDEX(Lists!$H$2:$H$60,MATCH(TRIM(M31),Lists!$G$2:$G$60,0)),"Not Recorded")) -> Medium | U31: =IF(ISNUMBER(K31),Lists!$K$2-K31,"") -> 11 | V31: =IF(AND(ISNUMBER(P31),P31<Lists!$K$2,S31<>"On Hold"),1,0) -> 0 | W31: =IF(V31=1,Lists!$K$2-P31,0) -> 0 | X31: =IF(AND(ISNUMBER(K31),S31<>"On Hold"),IF(Lists!$K$2-K31>Lists!$K$3,1,0),0) -> 0 | Y31: =(F31="")+IF(F31="",0,ISERROR(FIND("@",F31))*1)+(D31="")+(I31="")+(R31="Not Recorded")+(S31="Not Recorded")+(T31="Not Recorded")+((ISTEXT(J31)+ISTEXT(K31)+ISTEXT(P31))>0)+IF(AND(ISNUMBER(J31),ISNUMBER(K31)),(K31<J31)*1,0)+IF(ISNUMBER(K31),(K31>Lists!$K$2)*1,0)+(COUNTIF($B$2:$B$79,B31)>1)+IF(S31="Not Started",(N31>0)*1,IF(S31="Not Recorded",0,(N31=0)*1))+IF(AND(S31<>"Not Started",S31<>"Not Recorded"),(K31="")*1,0)+(P31="")+(G31="")+IF(G31="",0,(LEFT(G31,1)<>"+")*1) -> 1 | Z31: =IF(V31=1,W31+ROW()/100000,0) -> 0 | AA31: =IF(OR(S31="In Discussion",S31="Meeting Scheduled",S31="Partnership Active"),1,0) -> 1 | AB31: =IF(AND(S31<>"Not Started",S31<>"Not Recorded"),1,0) -> 1
A32: EMB-031 | B32: USA | C32: Americas | D32: Tariq Mensah | E32: First Secretary | F32: tariq.mensah@usa-embassy.example | G32: +91-11-2188-1841 | H32: Meeting | I32: Imran Sheikh | J32: 46237 | K32: 46265 | L32: Contacted | M32: Low | N32: 2 | O32: Follow-up email | P32: 46311 | R32: =IF(TRIM(C32)="","Not Recorded",IFERROR(INDEX(Lists!$B$2:$B$60,MATCH(TRIM(C32),Lists!$A$2:$A$60,0)),"Not Recorded")) -> Americas | S32: =IF(TRIM(L32)="","Not Recorded",IFERROR(INDEX(Lists!$E$2:$E$60,MATCH(TRIM(L32),Lists!$D$2:$D$60,0)),"Not Recorded")) -> Contacted | T32: =IF(TRIM(M32)="","Not Recorded",IFERROR(INDEX(Lists!$H$2:$H$60,MATCH(TRIM(M32),Lists!$G$2:$G$60,0)),"Not Recorded")) -> Low | U32: =IF(ISNUMBER(K32),Lists!$K$2-K32,"") -> 36 | V32: =IF(AND(ISNUMBER(P32),P32<Lists!$K$2,S32<>"On Hold"),1,0) -> 0 | W32: =IF(V32=1,Lists!$K$2-P32,0) -> 0 | X32: =IF(AND(ISNUMBER(K32),S32<>"On Hold"),IF(Lists!$K$2-K32>Lists!$K$3,1,0),0) -> 1 | Y32: =(F32="")+IF(F32="",0,ISERROR(FIND("@",F32))*1)+(D32="")+(I32="")+(R32="Not Recorded")+(S32="Not Recorded")+(T32="Not Recorded")+((ISTEXT(J32)+ISTEXT(K32)+ISTEXT(P32))>0)+IF(AND(ISNUMBER(J32),ISNUMBER(K32)),(K32<J32)*1,0)+IF(ISNUMBER(K32),(K32>Lists!$K$2)*1,0)+(COUNTIF($B$2:$B$79,B32)>1)+IF(S32="Not Started",(N32>0)*1,IF(S32="Not Recorded",0,(N32=0)*1))+IF(AND(S32<>"Not Started",S32<>"Not Recorded"),(K32="")*1,0)+(P32="")+(G32="")+IF(G32="",0,(LEFT(G32,1)<>"+")*1) -> 0 | Z32: =IF(V32=1,W32+ROW()/100000,0) -> 0 | AA32: =IF(OR(S32="In Discussion",S32="Meeting Scheduled",S32="Partnership Active"),1,0) -> 0 | AB32: =IF(AND(S32<>"Not Started",S32<>"Not Recorded"),1,0) -> 1
A33: EMB-032 | B33: Argentina | C33: Americas | D33: Diego Tanaka | E33: Cultural Attaché | F33: diego.tanaka@argentina-embassy.example | G33: +91-11-2245-3847 | H33: Letter | I33: Aisha Khan | J33: 46138 | K33: 46268 | L33: Contacted | M33: Low | N33: 2 | O33: Follow-up email | P33: 46296 | R33: =IF(TRIM(C33)="","Not Recorded",IFERROR(INDEX(Lists!$B$2:$B$60,MATCH(TRIM(C33),Lists!$A$2:$A$60,0)),"Not Recorded")) -> Americas | S33: =IF(TRIM(L33)="","Not Recorded",IFERROR(INDEX(Lists!$E$2:$E$60,MATCH(TRIM(L33),Lists!$D$2:$D$60,0)),"Not Recorded")) -> Contacted | T33: =IF(TRIM(M33)="","Not Recorded",IFERROR(INDEX(Lists!$H$2:$H$60,MATCH(TRIM(M33),Lists!$G$2:$G$60,0)),"Not Recorded")) -> Low | U33: =IF(ISNUMBER(K33),Lists!$K$2-K33,"") -> 33 | V33: =IF(AND(ISNUMBER(P33),P33<Lists!$K$2,S33<>"On Hold"),1,0) -> 1 | W33: =IF(V33=1,Lists!$K$2-P33,0) -> 5 | X33: =IF(AND(ISNUMBER(K33),S33<>"On Hold"),IF(Lists!$K$2-K33>Lists!$K$3,1,0),0) -> 1 | Y33: =(F33="")+IF(F33="",0,ISERROR(FIND("@",F33))*1)+(D33="")+(I33="")+(R33="Not Recorded")+(S33="Not Recorded")+(T33="Not Recorded")+((ISTEXT(J33)+ISTEXT(K33)+ISTEXT(P33))>0)+IF(AND(ISNUMBER(J33),ISNUMBER(K33)),(K33<J33)*1,0)+IF(ISNUMBER(K33),(K33>Lists!$K$2)*1,0)+(COUNTIF($B$2:$B$79,B33)>1)+IF(S33="Not Started",(N33>0)*1,IF(S33="Not Recorded",0,(N33=0)*1))+IF(AND(S33<>"Not Started",S33<>"Not Recorded"),(K33="")*1,0)+(P33="")+(G33="")+IF(G33="",0,(LEFT(G33,1)<>"+")*1) -> 0 | Z33: =IF(V33=1,W33+ROW()/100000,0) -> 5.00033 | AA33: =IF(OR(S33="In Discussion",S33="Meeting Scheduled",S33="Partnership Active"),1,0) -> 0 | AB33: =IF(AND(S33<>"Not Started",S33<>"Not Recorded"),1,0) -> 1
A34: EMB-033 | B34: Sweden | C34: Europe | D34: Ingrid Rahman | E34: Cultural Attaché | F34: ingrid.rahman@sweden-embassy.example | G34: +91-11-2379-6820 | H34: Phone | I34: Karan Joshi | J34: 46199 | K34: 46252 | L34: No Response | M34: low | N34: 3 | O34: Escalate via phone / alternate contact | P34: 46296 | Q34: Holiday season delay | R34: =IF(TRIM(C34)="","Not Recorded",IFERROR(INDEX(Lists!$B$2:$B$60,MATCH(TRIM(C34),Lists!$A$2:$A$60,0)),"Not Recorded")) -> Europe | S34: =IF(TRIM(L34)="","Not Recorded",IFERROR(INDEX(Lists!$E$2:$E$60,MATCH(TRIM(L34),Lists!$D$2:$D$60,0)),"Not Recorded")) -> No Response | T34: =IF(TRIM(M34)="","Not Recorded",IFERROR(INDEX(Lists!$H$2:$H$60,MATCH(TRIM(M34),Lists!$G$2:$G$60,0)),"Not Recorded")) -> Low | U34: =IF(ISNUMBER(K34),Lists!$K$2-K34,"") -> 49 | V34: =IF(AND(ISNUMBER(P34),P34<Lists!$K$2,S34<>"On Hold"),1,0) -> 1 | W34: =IF(V34=1,Lists!$K$2-P34,0) -> 5 | X34: =IF(AND(ISNUMBER(K34),S34<>"On Hold"),IF(Lists!$K$2-K34>Lists!$K$3,1,0),0) -> 1 | Y34: =(F34="")+IF(F34="",0,ISERROR(FIND("@",F34))*1)+(D34="")+(I34="")+(R34="Not Recorded")+(S34="Not Recorded")+(T34="Not Recorded")+((ISTEXT(J34)+ISTEXT(K34)+ISTEXT(P34))>0)+IF(AND(ISNUMBER(J34),ISNUMBER(K34)),(K34<J34)*1,0)+IF(ISNUMBER(K34),(K34>Lists!$K$2)*1,0)+(COUNTIF($B$2:$B$79,B34)>1)+IF(S34="Not Started",(N34>0)*1,IF(S34="Not Recorded",0,(N34=0)*1))+IF(AND(S34<>"Not Started",S34<>"Not Recorded"),(K34="")*1,0)+(P34="")+(G34="")+IF(G34="",0,(LEFT(G34,1)<>"+")*1) -> 0 | Z34: =IF(V34=1,W34+ROW()/100000,0) -> 5.00034 | AA34: =IF(OR(S34="In Discussion",S34="Meeting Scheduled",S34="Partnership Active"),1,0) -> 0 | AB34: =IF(AND(S34<>"Not Started",S34<>"Not Recorded"),1,0) -> 1
A35: EMB-034 | B35: Zambia | C35: africa | D35: Hiro Petrov | E35: Ambassador's Office | F35: hiro.petrov@zambia-embassy.example | G35: +91-11-2997-1893 | H35: Letter | I35: Priya Nair | J35: 46284 | K35: 46297 | L35: Meeting Scheduled | M35: Medium | N35: 7 | O35: Prepare meeting brief | P35: 46343 | Q35: Holiday season delay | R35: =IF(TRIM(C35)="","Not Recorded",IFERROR(INDEX(Lists!$B$2:$B$60,MATCH(TRIM(C35),Lists!$A$2:$A$60,0)),"Not Recorded")) -> Africa | S35: =IF(TRIM(L35)="","Not Recorded",IFERROR(INDEX(Lists!$E$2:$E$60,MATCH(TRIM(L35),Lists!$D$2:$D$60,0)),"Not Recorded")) -> Meeting Scheduled | T35: =IF(TRIM(M35)="","Not Recorded",IFERROR(INDEX(Lists!$H$2:$H$60,MATCH(TRIM(M35),Lists!$G$2:$G$60,0)),"Not Recorded")) -> Medium | U35: =IF(ISNUMBER(K35),Lists!$K$2-K35,"") -> 4 | V35: =IF(AND(ISNUMBER(P35),P35<Lists!$K$2,S35<>"On Hold"),1,0) -> 0 | W35: =IF(V35=1,Lists!$K$2-P35,0) -> 0 | X35: =IF(AND(ISNUMBER(K35),S35<>"On Hold"),IF(Lists!$K$2-K35>Lists!$K$3,1,0),0) -> 0 | Y35: =(F35="")+IF(F35="",0,ISERROR(FIND("@",F35))*1)+(D35="")+(I35="")+(R35="Not Recorded")+(S35="Not Recorded")+(T35="Not Recorded")+((ISTEXT(J35)+ISTEXT(K35)+ISTEXT(P35))>0)+IF(AND(ISNUMBER(J35),ISNUMBER(K35)),(K35<J35)*1,0)+IF(ISNUMBER(K35),(K35>Lists!$K$2)*1,0)+(COUNTIF($B$2:$B$79,B35)>1)+IF(S35="Not Started",(N35>0)*1,IF(S35="Not Recorded",0,(N35=0)*1))+IF(AND(S35<>"Not Started",S35<>"Not Recorded"),(K35="")*1,0)+(P35="")+(G35="")+IF(G35="",0,(LEFT(G35,1)<>"+")*1) -> 0 | Z35: =IF(V35=1,W35+ROW()/100000,0) -> 0 | AA35: =IF(OR(S35="In Discussion",S35="Meeting Scheduled",S35="Partnership Active"),1,0) -> 1 | AB35: =IF(AND(S35<>"Not Started",S35<>"Not Recorded"),1,0) -> 1
A36: EMB-035 | B36: Canada | D36: Marco Silva | E36: Cultural Attaché | F36: marco.silva@canada-embassy.example | G36: +91-11-2830-5978 | H36: Email | I36: Rohan Mehta | J36: 46194 | K36: 46261 | M36: Medium | N36: 6 | O36: Share proposal / MoU draft | P36: 46304 | Q36: Requested brochure | R36: =IF(TRIM(C36)="","Not Recorded",IFERROR(INDEX(Lists!$B$2:$B$60,MATCH(TRIM(C36),Lists!$A$2:$A$60,0)),"Not Recorded")) -> Not Recorded | S36: =IF(TRIM(L36)="","Not Recorded",IFERROR(INDEX(Lists!$E$2:$E$60,MATCH(TRIM(L36),Lists!$D$2:$D$60,0)),"Not Recorded")) -> Not Recorded | T36: =IF(TRIM(M36)="","Not Recorded",IFERROR(INDEX(Lists!$H$2:$H$60,MATCH(TRIM(M36),Lists!$G$2:$G$60,0)),"Not Recorded")) -> Medium | U36: =IF(ISNUMBER(K36),Lists!$K$2-K36,"") -> 40 | V36: =IF(AND(ISNUMBER(P36),P36<Lists!$K$2,S36<>"On Hold"),1,0) -> 0 | W36: =IF(V36=1,Lists!$K$2-P36,0) -> 0 | X36: =IF(AND(ISNUMBER(K36),S36<>"On Hold"),IF(Lists!$K$2-K36>Lists!$K$3,1,0),0) -> 1 | Y36: =(F36="")+IF(F36="",0,ISERROR(FIND("@",F36))*1)+(D36="")+(I36="")+(R36="Not Recorded")+(S36="Not Recorded")+(T36="Not Recorded")+((ISTEXT(J36)+ISTEXT(K36)+ISTEXT(P36))>0)+IF(AND(ISNUMBER(J36),ISNUMBER(K36)),(K36<J36)*1,0)+IF(ISNUMBER(K36),(K36>Lists!$K$2)*1,0)+(COUNTIF($B$2:$B$79,B36)>1)+IF(S36="Not Started",(N36>0)*1,IF(S36="Not Recorded",0,(N36=0)*1))+IF(AND(S36<>"Not Started",S36<>"Not Recorded"),(K36="")*1,0)+(P36="")+(G36="")+IF(G36="",0,(LEFT(G36,1)<>"+")*1) -> 2 | Z36: =IF(V36=1,W36+ROW()/100000,0) -> 0 | AA36: =IF(OR(S36="In Discussion",S36="Meeting Scheduled",S36="Partnership Active"),1,0) -> 0 | AB36: =IF(AND(S36<>"Not Started",S36<>"Not Recorded"),1,0) -> 0
A37: EMB-036 | B37: Nigeria | C37: Africa | D37: Elena Haddad | E37: Commercial Counsellor | F37: elena.haddad@nigeria-embassy.example | G37: (011) 26212876 | H37: Phone | I37: Priya Nair | J37: 46174 | K37: 46160 | L37: In Discussion | M37: Medium | N37: 3 | O37: Share proposal / MoU draft | P37: 46315 | Q37: Meeting postponed once | R37: =IF(TRIM(C37)="","Not Recorded",IFERROR(INDEX(Lists!$B$2:$B$60,MATCH(TRIM(C37),Lists!$A$2:$A$60,0)),"Not Recorded")) -> Africa | S37: =IF(TRIM(L37)="","Not Recorded",IFERROR(INDEX(Lists!$E$2:$E$60,MATCH(TRIM(L37),Lists!$D$2:$D$60,0)),"Not Recorded")) -> In Discussion | T37: =IF(TRIM(M37)="","Not Recorded",IFERROR(INDEX(Lists!$H$2:$H$60,MATCH(TRIM(M37),Lists!$G$2:$G$60,0)),"Not Recorded")) -> Medium | U37: =IF(ISNUMBER(K37),Lists!$K$2-K37,"") -> 141 | V37: =IF(AND(ISNUMBER(P37),P37<Lists!$K$2,S37<>"On Hold"),1,0) -> 0 | W37: =IF(V37=1,Lists!$K$2-P37,0) -> 0 | X37: =IF(AND(ISNUMBER(K37),S37<>"On Hold"),IF(Lists!$K$2-K37>Lists!$K$3,1,0),0) -> 1 | Y37: =(F37="")+IF(F37="",0,ISERROR(FIND("@",F37))*1)+(D37="")+(I37="")+(R37="Not Recorded")+(S37="Not Recorded")+(T37="Not Recorded")+((ISTEXT(J37)+ISTEXT(K37)+ISTEXT(P37))>0)+IF(AND(ISNUMBER(J37),ISNUMBER(K37)),(K37<J37)*1,0)+IF(ISNUMBER(K37),(K37>Lists!$K$2)*1,0)+(COUNTIF($B$2:$B$79,B37)>1)+IF(S37="Not Started",(N37>0)*1,IF(S37="Not Recorded",0,(N37=0)*1))+IF(AND(S37<>"Not Started",S37<>"Not Recorded"),(K37="")*1,0)+(P37="")+(G37="")+IF(G37="",0,(LEFT(G37,1)<>"+")*1) -> 2 | Z37: =IF(V37=1,W37+ROW()/100000,0) -> 0 | AA37: =IF(OR(S37="In Discussion",S37="Meeting Scheduled",S37="Partnership Active"),1,0) -> 1 | AB37: =IF(AND(S37<>"Not Started",S37<>"Not Recorded"),1,0) -> 1
A38: EMB-037 | B38: Romania | C38: Europe | D38: Liam Mensah | E38: Political Counsellor | F38: liam.mensah@romania-embassy.example | G38: +91-11-2882-2604 | H38: Email | I38: Karan Joshi | J38: 46248 | K38: 46248 | L38: Contacted | M38: MEDIUM | N38: 0 | O38: Follow-up email | P38: 46273 | R38: =IF(TRIM(C38)="","Not Recorded",IFERROR(INDEX(Lists!$B$2:$B$60,MATCH(TRIM(C38),Lists!$A$2:$A$60,0)),"Not Recorded")) -> Europe | S38: =IF(TRIM(L38)="","Not Recorded",IFERROR(INDEX(Lists!$E$2:$E$60,MATCH(TRIM(L38),Lists!$D$2:$D$60,0)),"Not Recorded")) -> Contacted | T38: =IF(TRIM(M38)="","Not Recorded",IFERROR(INDEX(Lists!$H$2:$H$60,MATCH(TRIM(M38),Lists!$G$2:$G$60,0)),"Not Recorded")) -> Medium | U38: =IF(ISNUMBER(K38),Lists!$K$2-K38,"") -> 53 | V38: =IF(AND(ISNUMBER(P38),P38<Lists!$K$2,S38<>"On Hold"),1,0) -> 1 | W38: =IF(V38=1,Lists!$K$2-P38,0) -> 28 | X38: =IF(AND(ISNUMBER(K38),S38<>"On Hold"),IF(Lists!$K$2-K38>Lists!$K$3,1,0),0) -> 1 | Y38: =(F38="")+IF(F38="",0,ISERROR(FIND("@",F38))*1)+(D38="")+(I38="")+(R38="Not Recorded")+(S38="Not Recorded")+(T38="Not Recorded")+((ISTEXT(J38)+ISTEXT(K38)+ISTEXT(P38))>0)+IF(AND(ISNUMBER(J38),ISNUMBER(K38)),(K38<J38)*1,0)+IF(ISNUMBER(K38),(K38>Lists!$K$2)*1,0)+(COUNTIF($B$2:$B$79,B38)>1)+IF(S38="Not Started",(N38>0)*1,IF(S38="Not Recorded",0,(N38=0)*1))+IF(AND(S38<>"Not Started",S38<>"Not Recorded"),(K38="")*1,0)+(P38="")+(G38="")+IF(G38="",0,(LEFT(G38,1)<>"+")*1) -> 2 | Z38: =IF(V38=1,W38+ROW()/100000,0) -> 28.00038 | AA38: =IF(OR(S38="In Discussion",S38="Meeting Scheduled",S38="Partnership Active"),1,0) -> 0 | AB38: =IF(AND(S38<>"Not Started",S38<>"Not Recorded"),1,0) -> 1
A39: EMB-038 | B39: Austria | C39: Europe | D39: Lucas Petrov | E39: Political Counsellor | F39: lucas.petrov@austria-embassy.example | H39: Email | I39: Priya Nair | J39: 46222 | K39: 46299 | L39: In Discussion | M39: High | N39: 6 | O39: Share proposal / MoU draft | P39: 46341 | R39: =IF(TRIM(C39)="","Not Recorded",IFERROR(INDEX(Lists!$B$2:$B$60,MATCH(TRIM(C39),Lists!$A$2:$A$60,0)),"Not Recorded")) -> Europe | S39: =IF(TRIM(L39)="","Not Recorded",IFERROR(INDEX(Lists!$E$2:$E$60,MATCH(TRIM(L39),Lists!$D$2:$D$60,0)),"Not Recorded")) -> In Discussion | T39: =IF(TRIM(M39)="","Not Recorded",IFERROR(INDEX(Lists!$H$2:$H$60,MATCH(TRIM(M39),Lists!$G$2:$G$60,0)),"Not Recorded")) -> High | U39: =IF(ISNUMBER(K39),Lists!$K$2-K39,"") -> 2 | V39: =IF(AND(ISNUMBER(P39),P39<Lists!$K$2,S39<>"On Hold"),1,0) -> 0 | W39: =IF(V39=1,Lists!$K$2-P39,0) -> 0 | X39: =IF(AND(ISNUMBER(K39),S39<>"On Hold"),IF(Lists!$K$2-K39>Lists!$K$3,1,0),0) -> 0 | Y39: =(F39="")+IF(F39="",0,ISERROR(FIND("@",F39))*1)+(D39="")+(I39="")+(R39="Not Recorded")+(S39="Not Recorded")+(T39="Not Recorded")+((ISTEXT(J39)+ISTEXT(K39)+ISTEXT(P39))>0)+IF(AND(ISNUMBER(J39),ISNUMBER(K39)),(K39<J39)*1,0)+IF(ISNUMBER(K39),(K39>Lists!$K$2)*1,0)+(COUNTIF($B$2:$B$79,B39)>1)+IF(S39="Not Started",(N39>0)*1,IF(S39="Not Recorded",0,(N39=0)*1))+IF(AND(S39<>"Not Started",S39<>"Not Recorded"),(K39="")*1,0)+(P39="")+(G39="")+IF(G39="",0,(LEFT(G39,1)<>"+")*1) -> 1 | Z39: =IF(V39=1,W39+ROW()/100000,0) -> 0 | AA39: =IF(OR(S39="In Discussion",S39="Meeting Scheduled",S39="Partnership Active"),1,0) -> 1 | AB39: =IF(AND(S39<>"Not Started",S39<>"Not Recorded"),1,0) -> 1
A40: EMB-039 | B40: Ireland | C40: Europe | D40: Pedro Rossi | E40: Commercial Counsellor | F40: pedro.rossi@ireland-embassy.example | G40: 011 2567 4770 | H40: Letter | I40: Rohan Mehta | J40: 46282 | K40: 46282 | L40: contacted | M40: Low | N40: 1 | O40: Follow-up email | P40: 46296 | R40: =IF(TRIM(C40)="","Not Recorded",IFERROR(INDEX(Lists!$B$2:$B$60,MATCH(TRIM(C40),Lists!$A$2:$A$60,0)),"Not Recorded")) -> Europe | S40: =IF(TRIM(L40)="","Not Recorded",IFERROR(INDEX(Lists!$E$2:$E$60,MATCH(TRIM(L40),Lists!$D$2:$D$60,0)),"Not Recorded")) -> Contacted | T40: =IF(TRIM(M40)="","Not Recorded",IFERROR(INDEX(Lists!$H$2:$H$60,MATCH(TRIM(M40),Lists!$G$2:$G$60,0)),"Not Recorded")) -> Low | U40: =IF(ISNUMBER(K40),Lists!$K$2-K40,"") -> 19 | V40: =IF(AND(ISNUMBER(P40),P40<Lists!$K$2,S40<>"On Hold"),1,0) -> 1 | W40: =IF(V40=1,Lists!$K$2-P40,0) -> 5 | X40: =IF(AND(ISNUMBER(K40),S40<>"On Hold"),IF(Lists!$K$2-K40>Lists!$K$3,1,0),0) -> 0 | Y40: =(F40="")+IF(F40="",0,ISERROR(FIND("@",F40))*1)+(D40="")+(I40="")+(R40="Not Recorded")+(S40="Not Recorded")+(T40="Not Recorded")+((ISTEXT(J40)+ISTEXT(K40)+ISTEXT(P40))>0)+IF(AND(ISNUMBER(J40),ISNUMBER(K40)),(K40<J40)*1,0)+IF(ISNUMBER(K40),(K40>Lists!$K$2)*1,0)+(COUNTIF($B$2:$B$79,B40)>1)+IF(S40="Not Started",(N40>0)*1,IF(S40="Not Recorded",0,(N40=0)*1))+IF(AND(S40<>"Not Started",S40<>"Not Recorded"),(K40="")*1,0)+(P40="")+(G40="")+IF(G40="",0,(LEFT(G40,1)<>"+")*1) -> 2 | Z40: =IF(V40=1,W40+ROW()/100000,0) -> 5.0004 | AA40: =IF(OR(S40="In Discussion",S40="Meeting Scheduled",S40="Partnership Active"),1,0) -> 0 | AB40: =IF(AND(S40<>"Not Started",S40<>"Not Recorded"),1,0) -> 1
A41: EMB-040 | B41: UAE | C41: Middle East | D41: Anna Garcia | E41: First Secretary | F41: anna.garcia@uae-embassy.example | G41: +91-11-2215-8043 | H41: Letter | I41: Neha Verma | J41: 46148 | K41: 46271 | L41: In Discussion | M41: Medium | N41: 6 | O41: Share proposal / MoU draft | P41: 46294 | Q41: Contact changed recently | R41: =IF(TRIM(C41)="","Not Recorded",IFERROR(INDEX(Lists!$B$2:$B$60,MATCH(TRIM(C41),Lists!$A$2:$A$60,0)),"Not Recorded")) -> Middle East | S41: =IF(TRIM(L41)="","Not Recorded",IFERROR(INDEX(Lists!$E$2:$E$60,MATCH(TRIM(L41),Lists!$D$2:$D$60,0)),"Not Recorded")) -> In Discussion | T41: =IF(TRIM(M41)="","Not Recorded",IFERROR(INDEX(Lists!$H$2:$H$60,MATCH(TRIM(M41),Lists!$G$2:$G$60,0)),"Not Recorded")) -> Medium | U41: =IF(ISNUMBER(K41),Lists!$K$2-K41,"") -> 30 | V41: =IF(AND(ISNUMBER(P41),P41<Lists!$K$2,S41<>"On Hold"),1,0) -> 1 | W41: =IF(V41=1,Lists!$K$2-P41,0) -> 7 | X41: =IF(AND(ISNUMBER(K41),S41<>"On Hold"),IF(Lists!$K$2-K41>Lists!$K$3,1,0),0) -> 0 | Y41: =(F41="")+IF(F41="",0,ISERROR(FIND("@",F41))*1)+(D41="")+(I41="")+(R41="Not Recorded")+(S41="Not Recorded")+(T41="Not Recorded")+((ISTEXT(J41)+ISTEXT(K41)+ISTEXT(P41))>0)+IF(AND(ISNUMBER(J41),ISNUMBER(K41)),(K41<J41)*1,0)+IF(ISNUMBER(K41),(K41>Lists!$K$2)*1,0)+(COUNTIF($B$2:$B$79,B41)>1)+IF(S41="Not Started",(N41>0)*1,IF(S41="Not Recorded",0,(N41=0)*1))+IF(AND(S41<>"Not Started",S41<>"Not Recorded"),(K41="")*1,0)+(P41="")+(G41="")+IF(G41="",0,(LEFT(G41,1)<>"+")*1) -> 0 | Z41: =IF(V41=1,W41+ROW()/100000,0) -> 7.00041 | AA41: =IF(OR(S41="In Discussion",S41="Meeting Scheduled",S41="Partnership Active"),1,0) -> 1 | AB41: =IF(AND(S41<>"Not Started",S41<>"Not Recorded"),1,0) -> 1
A42: EMB-041 | B42: Ethiopia | C42: Africa | D42: Diego Rahman | E42: Ambassador's Office | G42: +91-11-2518-6590 | H42: Email | I42: Imran Sheikh | J42: 46149 | K42: 46276 | L42: In Discussion | M42: High | N42: 6 | O42: Share proposal / MoU draft | P42: 46295 | R42: =IF(TRIM(C42)="","Not Recorded",IFERROR(INDEX(Lists!$B$2:$B$60,MATCH(TRIM(C42),Lists!$A$2:$A$60,0)),"Not Recorded")) -> Africa | S42: =IF(TRIM(L42)="","Not Recorded",IFERROR(INDEX(Lists!$E$2:$E$60,MATCH(TRIM(L42),Lists!$D$2:$D$60,0)),"Not Recorded")) -> In Discussion | T42: =IF(TRIM(M42)="","Not Recorded",IFERROR(INDEX(Lists!$H$2:$H$60,MATCH(TRIM(M42),Lists!$G$2:$G$60,0)),"Not Recorded")) -> High | U42: =IF(ISNUMBER(K42),Lists!$K$2-K42,"") -> 25 | V42: =IF(AND(ISNUMBER(P42),P42<Lists!$K$2,S42<>"On Hold"),1,0) -> 1 | W42: =IF(V42=1,Lists!$K$2-P42,0) -> 6 | X42: =IF(AND(ISNUMBER(K42),S42<>"On Hold"),IF(Lists!$K$2-K42>Lists!$K$3,1,0),0) -> 0 | Y42: =(F42="")+IF(F42="",0,ISERROR(FIND("@",F42))*1)+(D42="")+(I42="")+(R42="Not Recorded")+(S42="Not Recorded")+(T42="Not Recorded")+((ISTEXT(J42)+ISTEXT(K42)+ISTEXT(P42))>0)+IF(AND(ISNUMBER(J42),ISNUMBER(K42)),(K42<J42)*1,0)+IF(ISNUMBER(K42),(K42>Lists!$K$2)*1,0)+(COUNTIF($B$2:$B$79,B42)>1)+IF(S42="Not Started",(N42>0)*1,IF(S42="Not Recorded",0,(N42=0)*1))+IF(AND(S42<>"Not Started",S42<>"Not Recorded"),(K42="")*1,0)+(P42="")+(G42="")+IF(G42="",0,(LEFT(G42,1)<>"+")*1) -> 1 | Z42: =IF(V42=1,W42+ROW()/100000,0) -> 6.00042 | AA42: =IF(OR(S42="In Discussion",S42="Meeting Scheduled",S42="Partnership Active"),1,0) -> 1 | AB42: =IF(AND(S42<>"Not Started",S42<>"Not Recorded"),1,0) -> 1
A43: EMB-042 | B43: Germany | D43: David Olsen | E43: Commercial Counsellor | F43: david.olsen@germany-embassy.example | H43: Letter | I43: Rohan Mehta | L43: Not started | N43: 0 | O43: Send introductory letter | P43: 46323 | R43: =IF(TRIM(C43)="","Not Recorded",IFERROR(INDEX(Lists!$B$2:$B$60,MATCH(TRIM(C43),Lists!$A$2:$A$60,0)),"Not Recorded")) -> Not Recorded | S43: =IF(TRIM(L43)="","Not Recorded",IFERROR(INDEX(Lists!$E$2:$E$60,MATCH(TRIM(L43),Lists!$D$2:$D$60,0)),"Not Recorded")) -> Not Started | T43: =IF(TRIM(M43)="","Not Recorded",IFERROR(INDEX(Lists!$H$2:$H$60,MATCH(TRIM(M43),Lists!$G$2:$G$60,0)),"Not Recorded")) -> Not Recorded | U43: =IF(ISNUMBER(K43),Lists!$K$2-K43,"") | V43: =IF(AND(ISNUMBER(P43),P43<Lists!$K$2,S43<>"On Hold"),1,0) -> 0 | W43: =IF(V43=1,Lists!$K$2-P43,0) -> 0 | X43: =IF(AND(ISNUMBER(K43),S43<>"On Hold"),IF(Lists!$K$2-K43>Lists!$K$3,1,0),0) -> 0 | Y43: =(F43="")+IF(F43="",0,ISERROR(FIND("@",F43))*1)+(D43="")+(I43="")+(R43="Not Recorded")+(S43="Not Recorded")+(T43="Not Recorded")+((ISTEXT(J43)+ISTEXT(K43)+ISTEXT(P43))>0)+IF(AND(ISNUMBER(J43),ISNUMBER(K43)),(K43<J43)*1,0)+IF(ISNUMBER(K43),(K43>Lists!$K$2)*1,0)+(COUNTIF($B$2:$B$79,B43)>1)+IF(S43="Not Started",(N43>0)*1,IF(S43="Not Recorded",0,(N43=0)*1))+IF(AND(S43<>"Not Started",S43<>"Not Recorded"),(K43="")*1,0)+(P43="")+(G43="")+IF(G43="",0,(LEFT(G43,1)<>"+")*1) -> 3 | Z43: =IF(V43=1,W43+ROW()/100000,0) -> 0 | AA43: =IF(OR(S43="In Discussion",S43="Meeting Scheduled",S43="Partnership Active"),1,0) -> 0 | AB43: =IF(AND(S43<>"Not Started",S43<>"Not Recorded"),1,0) -> 0
A44: EMB-043 | B44: Poland | C44: Europe | D44: Fatima Chen | E44: Cultural Attaché | F44: fatima.chen@poland-embassy.example | G44: 011 2671 9179 | H44: Event | J44: 12/07/2026 | K44: 46288 | L44: Contacted | M44: Low | N44: 2 | O44: Follow-up email | P44: 46333 | R44: =IF(TRIM(C44)="","Not Recorded",IFERROR(INDEX(Lists!$B$2:$B$60,MATCH(TRIM(C44),Lists!$A$2:$A$60,0)),"Not Recorded")) -> Europe | S44: =IF(TRIM(L44)="","Not Recorded",IFERROR(INDEX(Lists!$E$2:$E$60,MATCH(TRIM(L44),Lists!$D$2:$D$60,0)),"Not Recorded")) -> Contacted | T44: =IF(TRIM(M44)="","Not Recorded",IFERROR(INDEX(Lists!$H$2:$H$60,MATCH(TRIM(M44),Lists!$G$2:$G$60,0)),"Not Recorded")) -> Low | U44: =IF(ISNUMBER(K44),Lists!$K$2-K44,"") -> 13 | V44: =IF(AND(ISNUMBER(P44),P44<Lists!$K$2,S44<>"On Hold"),1,0) -> 0 | W44: =IF(V44=1,Lists!$K$2-P44,0) -> 0 | X44: =IF(AND(ISNUMBER(K44),S44<>"On Hold"),IF(Lists!$K$2-K44>Lists!$K$3,1,0),0) -> 0 | Y44: =(F44="")+IF(F44="",0,ISERROR(FIND("@",F44))*1)+(D44="")+(I44="")+(R44="Not Recorded")+(S44="Not Recorded")+(T44="Not Recorded")+((ISTEXT(J44)+ISTEXT(K44)+ISTEXT(P44))>0)+IF(AND(ISNUMBER(J44),ISNUMBER(K44)),(K44<J44)*1,0)+IF(ISNUMBER(K44),(K44>Lists!$K$2)*1,0)+(COUNTIF($B$2:$B$79,B44)>1)+IF(S44="Not Started",(N44>0)*1,IF(S44="Not Recorded",0,(N44=0)*1))+IF(AND(S44<>"Not Started",S44<>"Not Recorded"),(K44="")*1,0)+(P44="")+(G44="")+IF(G44="",0,(LEFT(G44,1)<>"+")*1) -> 3 | Z44: =IF(V44=1,W44+ROW()/100000,0) -> 0 | AA44: =IF(OR(S44="In Discussion",S44="Meeting Scheduled",S44="Partnership Active"),1,0) -> 0 | AB44: =IF(AND(S44<>"Not Started",S44<>"Not Recorded"),1,0) -> 1
A45: EMB-044 | B45: Ghana | C45: africa | D45: Kwame Kowalski | E45: Protocol Officer | F45: kwame.kowalski@ghana-embassy.example | G45: +91-11-2276-9817 | H45: Event | I45: Imran Sheikh | J45: 46148 | K45: 46220 | L45: No Response | M45: Low | N45: 2 | O45: Escalate via phone / alternate contact | P45: 46235 | Q45: Meeting postponed once | R45: =IF(TRIM(C45)="","Not Recorded",IFERROR(INDEX(Lists!$B$2:$B$60,MATCH(TRIM(C45),Lists!$A$2:$A$60,0)),"Not Recorded")) -> Africa | S45: =IF(TRIM(L45)="","Not Recorded",IFERROR(INDEX(Lists!$E$2:$E$60,MATCH(TRIM(L45),Lists!$D$2:$D$60,0)),"Not Recorded")) -> No Response | T45: =IF(TRIM(M45)="","Not Recorded",IFERROR(INDEX(Lists!$H$2:$H$60,MATCH(TRIM(M45),Lists!$G$2:$G$60,0)),"Not Recorded")) -> Low | U45: =IF(ISNUMBER(K45),Lists!$K$2-K45,"") -> 81 | V45: =IF(AND(ISNUMBER(P45),P45<Lists!$K$2,S45<>"On Hold"),1,0) -> 1 | W45: =IF(V45=1,Lists!$K$2-P45,0) -> 66 | X45: =IF(AND(ISNUMBER(K45),S45<>"On Hold"),IF(Lists!$K$2-K45>Lists!$K$3,1,0),0) -> 1 | Y45: =(F45="")+IF(F45="",0,ISERROR(FIND("@",F45))*1)+(D45="")+(I45="")+(R45="Not Recorded")+(S45="Not Recorded")+(T45="Not Recorded")+((ISTEXT(J45)+ISTEXT(K45)+ISTEXT(P45))>0)+IF(AND(ISNUMBER(J45),ISNUMBER(K45)),(K45<J45)*1,0)+IF(ISNUMBER(K45),(K45>Lists!$K$2)*1,0)+(COUNTIF($B$2:$B$79,B45)>1)+IF(S45="Not Started",(N45>0)*1,IF(S45="Not Recorded",0,(N45=0)*1))+IF(AND(S45<>"Not Started",S45<>"Not Recorded"),(K45="")*1,0)+(P45="")+(G45="")+IF(G45="",0,(LEFT(G45,1)<>"+")*1) -> 0 | Z45: =IF(V45=1,W45+ROW()/100000,0) -> 66.00045 | AA45: =IF(OR(S45="In Discussion",S45="Meeting Scheduled",S45="Partnership Active"),1,0) -> 0 | AB45: =IF(AND(S45<>"Not Started",S45<>"Not Recorded"),1,0) -> 1
A46: EMB-045 | B46: Israel | C46: Middle East | D46: Grace Olsen | E46: First Secretary | F46: grace.olsen@israel-embassy.example | G46: +91-11-2343-6238 | H46: Letter | I46: Aisha Khan | L46: Not Started | M46: None | N46: 1 | O46: Send introductory letter | P46: 46310 | R46: =IF(TRIM(C46)="","Not Recorded",IFERROR(INDEX(Lists!$B$2:$B$60,MATCH(TRIM(C46),Lists!$A$2:$A$60,0)),"Not Recorded")) -> Middle East | S46: =IF(TRIM(L46)="","Not Recorded",IFERROR(INDEX(Lists!$E$2:$E$60,MATCH(TRIM(L46),Lists!$D$2:$D$60,0)),"Not Recorded")) -> Not Started | T46: =IF(TRIM(M46)="","Not Recorded",IFERROR(INDEX(Lists!$H$2:$H$60,MATCH(TRIM(M46),Lists!$G$2:$G$60,0)),"Not Recorded")) -> None | U46: =IF(ISNUMBER(K46),Lists!$K$2-K46,"") | V46: =IF(AND(ISNUMBER(P46),P46<Lists!$K$2,S46<>"On Hold"),1,0) -> 0 | W46: =IF(V46=1,Lists!$K$2-P46,0) -> 0 | X46: =IF(AND(ISNUMBER(K46),S46<>"On Hold"),IF(Lists!$K$2-K46>Lists!$K$3,1,0),0) -> 0 | Y46: =(F46="")+IF(F46="",0,ISERROR(FIND("@",F46))*1)+(D46="")+(I46="")+(R46="Not Recorded")+(S46="Not Recorded")+(T46="Not Recorded")+((ISTEXT(J46)+ISTEXT(K46)+ISTEXT(P46))>0)+IF(AND(ISNUMBER(J46),ISNUMBER(K46)),(K46<J46)*1,0)+IF(ISNUMBER(K46),(K46>Lists!$K$2)*1,0)+(COUNTIF($B$2:$B$79,B46)>1)+IF(S46="Not Started",(N46>0)*1,IF(S46="Not Recorded",0,(N46=0)*1))+IF(AND(S46<>"Not Started",S46<>"Not Recorded"),(K46="")*1,0)+(P46="")+(G46="")+IF(G46="",0,(LEFT(G46,1)<>"+")*1) -> 1 | Z46: =IF(V46=1,W46+ROW()/100000,0) -> 0 | AA46: =IF(OR(S46="In Discussion",S46="Meeting Scheduled",S46="Partnership Active"),1,0) -> 0 | AB46: =IF(AND(S46<>"Not Started",S46<>"Not Recorded"),1,0) -> 0
A47: EMB-046 | B47: Egypt | C47: Africa | D47: David Tanaka | E47: Commercial Counsellor | F47: david.tanaka@egypt-embassy.example | G47: +91-11-2707-4978 | H47: Email | I47: Karan Joshi | J47: 46236 | K47: 46256 | L47: On hold | M47: Medium | N47: 6 | O47: Review in next quarter | P47: 46288 | Q47: Holiday season delay | R47: =IF(TRIM(C47)="","Not Recorded",IFERROR(INDEX(Lists!$B$2:$B$60,MATCH(TRIM(C47),Lists!$A$2:$A$60,0)),"Not Recorded")) -> Africa | S47: =IF(TRIM(L47)="","Not Recorded",IFERROR(INDEX(Lists!$E$2:$E$60,MATCH(TRIM(L47),Lists!$D$2:$D$60,0)),"Not Recorded")) -> On Hold | T47: =IF(TRIM(M47)="","Not Recorded",IFERROR(INDEX(Lists!$H$2:$H$60,MATCH(TRIM(M47),Lists!$G$2:$G$60,0)),"Not Recorded")) -> Medium | U47: =IF(ISNUMBER(K47),Lists!$K$2-K47,"") -> 45 | V47: =IF(AND(ISNUMBER(P47),P47<Lists!$K$2,S47<>"On Hold"),1,0) -> 0 | W47: =IF(V47=1,Lists!$K$2-P47,0) -> 0 | X47: =IF(AND(ISNUMBER(K47),S47<>"On Hold"),IF(Lists!$K$2-K47>Lists!$K$3,1,0),0) -> 0 | Y47: =(F47="")+IF(F47="",0,ISERROR(FIND("@",F47))*1)+(D47="")+(I47="")+(R47="Not Recorded")+(S47="Not Recorded")+(T47="Not Recorded")+((ISTEXT(J47)+ISTEXT(K47)+ISTEXT(P47))>0)+IF(AND(ISNUMBER(J47),ISNUMBER(K47)),(K47<J47)*1,0)+IF(ISNUMBER(K47),(K47>Lists!$K$2)*1,0)+(COUNTIF($B$2:$B$79,B47)>1)+IF(S47="Not Started",(N47>0)*1,IF(S47="Not Recorded",0,(N47=0)*1))+IF(AND(S47<>"Not Started",S47<>"Not Recorded"),(K47="")*1,0)+(P47="")+(G47="")+IF(G47="",0,(LEFT(G47,1)<>"+")*1) -> 0 | Z47: =IF(V47=1,W47+ROW()/100000,0) -> 0 | AA47: =IF(OR(S47="In Discussion",S47="Meeting Scheduled",S47="Partnership Active"),1,0) -> 0 | AB47: =IF(AND(S47<>"Not Started",S47<>"Not Recorded"),1,0) -> 1
A48: EMB-047 | B48: Hungary | C48: Europe | D48: Pedro Park | E48: Cultural Attaché | F48: pedro.park@hungary-embassy.example | G48: +91-11-2196-4116 | H48: Letter | I48: Imran Sheikh | J48: 46226 | K48: 46226 | L48: No Response | M48: None | N48: 1 | O48: Escalate via phone / alternate contact | Q48: Awaiting reply from HQ | R48: =IF(TRIM(C48)="","Not Recorded",IFERROR(INDEX(Lists!$B$2:$B$60,MATCH(TRIM(C48),Lists!$A$2:$A$60,0)),"Not Recorded")) -> Europe | S48: =IF(TRIM(L48)="","Not Recorded",IFERROR(INDEX(Lists!$E$2:$E$60,MATCH(TRIM(L48),Lists!$D$2:$D$60,0)),"Not Recorded")) -> No Response | T48: =IF(TRIM(M48)="","Not Recorded",IFERROR(INDEX(Lists!$H$2:$H$60,MATCH(TRIM(M48),Lists!$G$2:$G$60,0)),"Not Recorded")) -> None | U48: =IF(ISNUMBER(K48),Lists!$K$2-K48,"") -> 75 | V48: =IF(AND(ISNUMBER(P48),P48<Lists!$K$2,S48<>"On Hold"),1,0) -> 0 | W48: =IF(V48=1,Lists!$K$2-P48,0) -> 0 | X48: =IF(AND(ISNUMBER(K48),S48<>"On Hold"),IF(Lists!$K$2-K48>Lists!$K$3,1,0),0) -> 1 | Y48: =(F48="")+IF(F48="",0,ISERROR(FIND("@",F48))*1)+(D48="")+(I48="")+(R48="Not Recorded")+(S48="Not Recorded")+(T48="Not Recorded")+((ISTEXT(J48)+ISTEXT(K48)+ISTEXT(P48))>0)+IF(AND(ISNUMBER(J48),ISNUMBER(K48)),(K48<J48)*1,0)+IF(ISNUMBER(K48),(K48>Lists!$K$2)*1,0)+(COUNTIF($B$2:$B$79,B48)>1)+IF(S48="Not Started",(N48>0)*1,IF(S48="Not Recorded",0,(N48=0)*1))+IF(AND(S48<>"Not Started",S48<>"Not Recorded"),(K48="")*1,0)+(P48="")+(G48="")+IF(G48="",0,(LEFT(G48,1)<>"+")*1) -> 1 | Z48: =IF(V48=1,W48+ROW()/100000,0) -> 0 | AA48: =IF(OR(S48="In Discussion",S48="Meeting Scheduled",S48="Partnership Active"),1,0) -> 0 | AB48: =IF(AND(S48<>"Not Started",S48<>"Not Recorded"),1,0) -> 1
A49: EMB-048 | B49: Belgium | C49: Europe | D49: Kwame Lindberg | E49: Press Officer | F49: kwame.lindberg@belgium-embassy.example | G49: +91-11-2919-7543 | H49: Meeting | I49: Rohan Mehta | J49: 46272 | K49: 46294 | L49: In Discussion | M49: Medium | N49: 6 | O49: Share proposal / MoU draft | P49: 46311 | Q49: Requested brochure | R49: =IF(TRIM(C49)="","Not Recorded",IFERROR(INDEX(Lists!$B$2:$B$60,MATCH(TRIM(C49),Lists!$A$2:$A$60,0)),"Not Recorded")) -> Europe | S49: =IF(TRIM(L49)="","Not Recorded",IFERROR(INDEX(Lists!$E$2:$E$60,MATCH(TRIM(L49),Lists!$D$2:$D$60,0)),"Not Recorded")) -> In Discussion | T49: =IF(TRIM(M49)="","Not Recorded",IFERROR(INDEX(Lists!$H$2:$H$60,MATCH(TRIM(M49),Lists!$G$2:$G$60,0)),"Not Recorded")) -> Medium | U49: =IF(ISNUMBER(K49),Lists!$K$2-K49,"") -> 7 | V49: =IF(AND(ISNUMBER(P49),P49<Lists!$K$2,S49<>"On Hold"),1,0) -> 0 | W49: =IF(V49=1,Lists!$K$2-P49,0) -> 0 | X49: =IF(AND(ISNUMBER(K49),S49<>"On Hold"),IF(Lists!$K$2-K49>Lists!$K$3,1,0),0) -> 0 | Y49: =(F49="")+IF(F49="",0,ISERROR(FIND("@",F49))*1)+(D49="")+(I49="")+(R49="Not Recorded")+(S49="Not Recorded")+(T49="Not Recorded")+((ISTEXT(J49)+ISTEXT(K49)+ISTEXT(P49))>0)+IF(AND(ISNUMBER(J49),ISNUMBER(K49)),(K49<J49)*1,0)+IF(ISNUMBER(K49),(K49>Lists!$K$2)*1,0)+(COUNTIF($B$2:$B$79,B49)>1)+IF(S49="Not Started",(N49>0)*1,IF(S49="Not Recorded",0,(N49=0)*1))+IF(AND(S49<>"Not Started",S49<>"Not Recorded"),(K49="")*1,0)+(P49="")+(G49="")+IF(G49="",0,(LEFT(G49,1)<>"+")*1) -> 0 | Z49: =IF(V49=1,W49+ROW()/100000,0) -> 0 | AA49: =IF(OR(S49="In Discussion",S49="Meeting Scheduled",S49="Partnership Active"),1,0) -> 1 | AB49: =IF(AND(S49<>"Not Started",S49<>"Not Recorded"),1,0) -> 1
A50: EMB-049 | B50: Myanmar | C50: Asia-Pacific | D50: Pedro Novak | E50: Commercial Counsellor | G50: +91-11-2523-2894 | H50: Event | I50: Neha Verma | J50: 46157 | K50: 46278 | L50: Meeting Scheduled | M50: Medium | N50: 4 | O50: Prepare meeting brief | P50: 46288 | Q50: Prefers formal letters | R50: =IF(TRIM(C50)="","Not Recorded",IFERROR(INDEX(Lists!$B$2:$B$60,MATCH(TRIM(C50),Lists!$A$2:$A$60,0)),"Not Recorded")) -> Asia-Pacific | S50: =IF(TRIM(L50)="","Not Recorded",IFERROR(INDEX(Lists!$E$2:$E$60,MATCH(TRIM(L50),Lists!$D$2:$D$60,0)),"Not Recorded")) -> Meeting Scheduled | T50: =IF(TRIM(M50)="","Not Recorded",IFERROR(INDEX(Lists!$H$2:$H$60,MATCH(TRIM(M50),Lists!$G$2:$G$60,0)),"Not Recorded")) -> Medium | U50: =IF(ISNUMBER(K50),Lists!$K$2-K50,"") -> 23 | V50: =IF(AND(ISNUMBER(P50),P50<Lists!$K$2,S50<>"On Hold"),1,0) -> 1 | W50: =IF(V50=1,Lists!$K$2-P50,0) -> 13 | X50: =IF(AND(ISNUMBER(K50),S50<>"On Hold"),IF(Lists!$K$2-K50>Lists!$K$3,1,0),0) -> 0 | Y50: =(F50="")+IF(F50="",0,ISERROR(FIND("@",F50))*1)+(D50="")+(I50="")+(R50="Not Recorded")+(S50="Not Recorded")+(T50="Not Recorded")+((ISTEXT(J50)+ISTEXT(K50)+ISTEXT(P50))>0)+IF(AND(ISNUMBER(J50),ISNUMBER(K50)),(K50<J50)*1,0)+IF(ISNUMBER(K50),(K50>Lists!$K$2)*1,0)+(COUNTIF($B$2:$B$79,B50)>1)+IF(S50="Not Started",(N50>0)*1,IF(S50="Not Recorded",0,(N50=0)*1))+IF(AND(S50<>"Not Started",S50<>"Not Recorded"),(K50="")*1,0)+(P50="")+(G50="")+IF(G50="",0,(LEFT(G50,1)<>"+")*1) -> 1 | Z50: =IF(V50=1,W50+ROW()/100000,0) -> 13.0005 | AA50: =IF(OR(S50="In Discussion",S50="Meeting Scheduled",S50="Partnership Active"),1,0) -> 1 | AB50: =IF(AND(S50<>"Not Started",S50<>"Not Recorded"),1,0) -> 1
A51: EMB-050 | B51: Czech Republic | C51: Europe | D51: Yusuf Nkosi | E51: Ambassador's Office | F51: yusuf.nkosi@czechrepublic-embassy.example | G51: +91-11-2099-8062 | H51: Meeting | I51: Imran Sheikh | J51: 46264 | K51: 46299 | L51: Meeting Scheduled | M51: High | N51: 9 | O51: Prepare meeting brief | P51: 46312 | Q51: Interested in cultural exchange | R51: =IF(TRIM(C51)="","Not Recorded",IFERROR(INDEX(Lists!$B$2:$B$60,MATCH(TRIM(C51),Lists!$A$2:$A$60,0)),"Not Recorded")) -> Europe | S51: =IF(TRIM(L51)="","Not Recorded",IFERROR(INDEX(Lists!$E$2:$E$60,MATCH(TRIM(L51),Lists!$D$2:$D$60,0)),"Not Recorded")) -> Meeting Scheduled | T51: =IF(TRIM(M51)="","Not Recorded",IFERROR(INDEX(Lists!$H$2:$H$60,MATCH(TRIM(M51),Lists!$G$2:$G$60,0)),"Not Recorded")) -> High | U51: =IF(ISNUMBER(K51),Lists!$K$2-K51,"") -> 2 | V51: =IF(AND(ISNUMBER(P51),P51<Lists!$K$2,S51<>"On Hold"),1,0) -> 0 | W51: =IF(V51=1,Lists!$K$2-P51,0) -> 0 | X51: =IF(AND(ISNUMBER(K51),S51<>"On Hold"),IF(Lists!$K$2-K51>Lists!$K$3,1,0),0) -> 0 | Y51: =(F51="")+IF(F51="",0,ISERROR(FIND("@",F51))*1)+(D51="")+(I51="")+(R51="Not Recorded")+(S51="Not Recorded")+(T51="Not Recorded")+((ISTEXT(J51)+ISTEXT(K51)+ISTEXT(P51))>0)+IF(AND(ISNUMBER(J51),ISNUMBER(K51)),(K51<J51)*1,0)+IF(ISNUMBER(K51),(K51>Lists!$K$2)*1,0)+(COUNTIF($B$2:$B$79,B51)>1)+IF(S51="Not Started",(N51>0)*1,IF(S51="Not Recorded",0,(N51=0)*1))+IF(AND(S51<>"Not Started",S51<>"Not Recorded"),(K51="")*1,0)+(P51="")+(G51="")+IF(G51="",0,(LEFT(G51,1)<>"+")*1) -> 0 | Z51: =IF(V51=1,W51+ROW()/100000,0) -> 0 | AA51: =IF(OR(S51="In Discussion",S51="Meeting Scheduled",S51="Partnership Active"),1,0) -> 1 | AB51: =IF(AND(S51<>"Not Started",S51<>"Not Recorded"),1,0) -> 1
A52: EMB-051 | B52: Denmark | C52: europe | D52: Liam Ali | E52: Political Counsellor | F52: liam.ali@denmark-embassy.example | G52: +91-11-2070-9727 | H52: Phone | I52: Rohan Mehta | J52: 46093 | K52: 46238 | L52: On Hold | M52: Medium | N52: 3 | O52: Review in next quarter | P52: 46286 | Q52: Requested brochure | R52: =IF(TRIM(C52)="","Not Recorded",IFERROR(INDEX(Lists!$B$2:$B$60,MATCH(TRIM(C52),Lists!$A$2:$A$60,0)),"Not Recorded")) -> Europe | S52: =IF(TRIM(L52)="","Not Recorded",IFERROR(INDEX(Lists!$E$2:$E$60,MATCH(TRIM(L52),Lists!$D$2:$D$60,0)),"Not Recorded")) -> On Hold | T52: =IF(TRIM(M52)="","Not Recorded",IFERROR(INDEX(Lists!$H$2:$H$60,MATCH(TRIM(M52),Lists!$G$2:$G$60,0)),"Not Recorded")) -> Medium | U52: =IF(ISNUMBER(K52),Lists!$K$2-K52,"") -> 63 | V52: =IF(AND(ISNUMBER(P52),P52<Lists!$K$2,S52<>"On Hold"),1,0) -> 0 | W52: =IF(V52=1,Lists!$K$2-P52,0) -> 0 | X52: =IF(AND(ISNUMBER(K52),S52<>"On Hold"),IF(Lists!$K$2-K52>Lists!$K$3,1,0),0) -> 0 | Y52: =(F52="")+IF(F52="",0,ISERROR(FIND("@",F52))*1)+(D52="")+(I52="")+(R52="Not Recorded")+(S52="Not Recorded")+(T52="Not Recorded")+((ISTEXT(J52)+ISTEXT(K52)+ISTEXT(P52))>0)+IF(AND(ISNUMBER(J52),ISNUMBER(K52)),(K52<J52)*1,0)+IF(ISNUMBER(K52),(K52>Lists!$K$2)*1,0)+(COUNTIF($B$2:$B$79,B52)>1)+IF(S52="Not Started",(N52>0)*1,IF(S52="Not Recorded",0,(N52=0)*1))+IF(AND(S52<>"Not Started",S52<>"Not Recorded"),(K52="")*1,0)+(P52="")+(G52="")+IF(G52="",0,(LEFT(G52,1)<>"+")*1) -> 0 | Z52: =IF(V52=1,W52+ROW()/100000,0) -> 0 | AA52: =IF(OR(S52="In Discussion",S52="Meeting Scheduled",S52="Partnership Active"),1,0) -> 0 | AB52: =IF(AND(S52<>"Not Started",S52<>"Not Recorded"),1,0) -> 1
A53: EMB-052 | B53: Senegal | C53: Africa | D53: Fatima Kowalski | E53: Commercial Counsellor | F53: fatima.kowalski@senegal-embassy.example | G53: 011 2289 2647 | H53: Phone | I53: Priya Nair | J53: 46277 | K53: 46277 | L53: Contacted | M53: Low | N53: 1 | O53: Follow-up email | P53: 46287 | Q53: Contact changed recently | R53: =IF(TRIM(C53)="","Not Recorded",IFERROR(INDEX(Lists!$B$2:$B$60,MATCH(TRIM(C53),Lists!$A$2:$A$60,0)),"Not Recorded")) -> Africa | S53: =IF(TRIM(L53)="","Not Recorded",IFERROR(INDEX(Lists!$E$2:$E$60,MATCH(TRIM(L53),Lists!$D$2:$D$60,0)),"Not Recorded")) -> Contacted | T53: =IF(TRIM(M53)="","Not Recorded",IFERROR(INDEX(Lists!$H$2:$H$60,MATCH(TRIM(M53),Lists!$G$2:$G$60,0)),"Not Recorded")) -> Low | U53: =IF(ISNUMBER(K53),Lists!$K$2-K53,"") -> 24 | V53: =IF(AND(ISNUMBER(P53),P53<Lists!$K$2,S53<>"On Hold"),1,0) -> 1 | W53: =IF(V53=1,Lists!$K$2-P53,0) -> 14 | X53: =IF(AND(ISNUMBER(K53),S53<>"On Hold"),IF(Lists!$K$2-K53>Lists!$K$3,1,0),0) -> 0 | Y53: =(F53="")+IF(F53="",0,ISERROR(FIND("@",F53))*1)+(D53="")+(I53="")+(R53="Not Recorded")+(S53="Not Recorded")+(T53="Not Recorded")+((ISTEXT(J53)+ISTEXT(K53)+ISTEXT(P53))>0)+IF(AND(ISNUMBER(J53),ISNUMBER(K53)),(K53<J53)*1,0)+IF(ISNUMBER(K53),(K53>Lists!$K$2)*1,0)+(COUNTIF($B$2:$B$79,B53)>1)+IF(S53="Not Started",(N53>0)*1,IF(S53="Not Recorded",0,(N53=0)*1))+IF(AND(S53<>"Not Started",S53<>"Not Recorded"),(K53="")*1,0)+(P53="")+(G53="")+IF(G53="",0,(LEFT(G53,1)<>"+")*1) -> 1 | Z53: =IF(V53=1,W53+ROW()/100000,0) -> 14.00053 | AA53: =IF(OR(S53="In Discussion",S53="Meeting Scheduled",S53="Partnership Active"),1,0) -> 0 | AB53: =IF(AND(S53<>"Not Started",S53<>"Not Recorded"),1,0) -> 1
A54: EMB-053 | B54: Tanzania | C54: Africa | D54: Ingrid Olsen | E54: Political Counsellor | G54: +91-11-2475-7209 | H54: Meeting | I54: Aisha Khan | J54: 46265 | K54: 46265 | L54: Contacted | N54: 1 | O54: Follow-up email | P54: 46288 | Q54: Contact changed recently | R54: =IF(TRIM(C54)="","Not Recorded",IFERROR(INDEX(Lists!$B$2:$B$60,MATCH(TRIM(C54),Lists!$A$2:$A$60,0)),"Not Recorded")) -> Africa | S54: =IF(TRIM(L54)="","Not Recorded",IFERROR(INDEX(Lists!$E$2:$E$60,MATCH(TRIM(L54),Lists!$D$2:$D$60,0)),"Not Recorded")) -> Contacted | T54: =IF(TRIM(M54)="","Not Recorded",IFERROR(INDEX(Lists!$H$2:$H$60,MATCH(TRIM(M54),Lists!$G$2:$G$60,0)),"Not Recorded")) -> Not Recorded | U54: =IF(ISNUMBER(K54),Lists!$K$2-K54,"") -> 36 | V54: =IF(AND(ISNUMBER(P54),P54<Lists!$K$2,S54<>"On Hold"),1,0) -> 1 | W54: =IF(V54=1,Lists!$K$2-P54,0) -> 13 | X54: =IF(AND(ISNUMBER(K54),S54<>"On Hold"),IF(Lists!$K$2-K54>Lists!$K$3,1,0),0) -> 1 | Y54: =(F54="")+IF(F54="",0,ISERROR(FIND("@",F54))*1)+(D54="")+(I54="")+(R54="Not Recorded")+(S54="Not Recorded")+(T54="Not Recorded")+((ISTEXT(J54)+ISTEXT(K54)+ISTEXT(P54))>0)+IF(AND(ISNUMBER(J54),ISNUMBER(K54)),(K54<J54)*1,0)+IF(ISNUMBER(K54),(K54>Lists!$K$2)*1,0)+(COUNTIF($B$2:$B$79,B54)>1)+IF(S54="Not Started",(N54>0)*1,IF(S54="Not Recorded",0,(N54=0)*1))+IF(AND(S54<>"Not Started",S54<>"Not Recorded"),(K54="")*1,0)+(P54="")+(G54="")+IF(G54="",0,(LEFT(G54,1)<>"+")*1) -> 2 | Z54: =IF(V54=1,W54+ROW()/100000,0) -> 13.00054 | AA54: =IF(OR(S54="In Discussion",S54="Meeting Scheduled",S54="Partnership Active"),1,0) -> 0 | AB54: =IF(AND(S54<>"Not Started",S54<>"Not Recorded"),1,0) -> 1
A55: EMB-054 | B55: New Zealand | C55: Asia-Pacific | D55: Omar Kowalski | E55: Press Officer | F55: omar.kowalski@newzealand-embassy.example | H55: Email | I55: Karan Joshi | J55: 46204 | L55: In Discussion | M55: High | N55: 3 | O55: Share proposal / MoU draft | P55: 46317 | Q55: Prefers formal letters | R55: =IF(TRIM(C55)="","Not Recorded",IFERROR(INDEX(Lists!$B$2:$B$60,MATCH(TRIM(C55),Lists!$A$2:$A$60,0)),"Not Recorded")) -> Asia-Pacific | S55: =IF(TRIM(L55)="","Not Recorded",IFERROR(INDEX(Lists!$E$2:$E$60,MATCH(TRIM(L55),Lists!$D$2:$D$60,0)),"Not Recorded")) -> In Discussion | T55: =IF(TRIM(M55)="","Not Recorded",IFERROR(INDEX(Lists!$H$2:$H$60,MATCH(TRIM(M55),Lists!$G$2:$G$60,0)),"Not Recorded")) -> High | U55: =IF(ISNUMBER(K55),Lists!$K$2-K55,"") | V55: =IF(AND(ISNUMBER(P55),P55<Lists!$K$2,S55<>"On Hold"),1,0) -> 0 | W55: =IF(V55=1,Lists!$K$2-P55,0) -> 0 | X55: =IF(AND(ISNUMBER(K55),S55<>"On Hold"),IF(Lists!$K$2-K55>Lists!$K$3,1,0),0) -> 0 | Y55: =(F55="")+IF(F55="",0,ISERROR(FIND("@",F55))*1)+(D55="")+(I55="")+(R55="Not Recorded")+(S55="Not Recorded")+(T55="Not Recorded")+((ISTEXT(J55)+ISTEXT(K55)+ISTEXT(P55))>0)+IF(AND(ISNUMBER(J55),ISNUMBER(K55)),(K55<J55)*1,0)+IF(ISNUMBER(K55),(K55>Lists!$K$2)*1,0)+(COUNTIF($B$2:$B$79,B55)>1)+IF(S55="Not Started",(N55>0)*1,IF(S55="Not Recorded",0,(N55=0)*1))+IF(AND(S55<>"Not Started",S55<>"Not Recorded"),(K55="")*1,0)+(P55="")+(G55="")+IF(G55="",0,(LEFT(G55,1)<>"+")*1) -> 2 | Z55: =IF(V55=1,W55+ROW()/100000,0) -> 0 | AA55: =IF(OR(S55="In Discussion",S55="Meeting Scheduled",S55="Partnership Active"),1,0) -> 1 | AB55: =IF(AND(S55<>"Not Started",S55<>"Not Recorded"),1,0) -> 1
A56: EMB-055 | B56: Peru | C56: Americas | D56: Nora Garcia | E56: Protocol Officer | F56: nora.garcia.peru-embassy.example | G56: +91-11-2412-5460 | H56: Letter | I56: Neha Verma | L56: Not Started | M56: None | N56: 0 | O56: Send introductory letter | P56: 46324 | Q56: Interested in cultural exchange | R56: =IF(TRIM(C56)="","Not Recorded",IFERROR(INDEX(Lists!$B$2:$B$60,MATCH(TRIM(C56),Lists!$A$2:$A$60,0)),"Not Recorded")) -> Americas | S56: =IF(TRIM(L56)="","Not Recorded",IFERROR(INDEX(Lists!$E$2:$E$60,MATCH(TRIM(L56),Lists!$D$2:$D$60,0)),"Not Recorded")) -> Not Started | T56: =IF(TRIM(M56)="","Not Recorded",IFERROR(INDEX(Lists!$H$2:$H$60,MATCH(TRIM(M56),Lists!$G$2:$G$60,0)),"Not Recorded")) -> None | U56: =IF(ISNUMBER(K56),Lists!$K$2-K56,"") | V56: =IF(AND(ISNUMBER(P56),P56<Lists!$K$2,S56<>"On Hold"),1,0) -> 0 | W56: =IF(V56=1,Lists!$K$2-P56,0) -> 0 | X56: =IF(AND(ISNUMBER(K56),S56<>"On Hold"),IF(Lists!$K$2-K56>Lists!$K$3,1,0),0) -> 0 | Y56: =(F56="")+IF(F56="",0,ISERROR(FIND("@",F56))*1)+(D56="")+(I56="")+(R56="Not Recorded")+(S56="Not Recorded")+(T56="Not Recorded")+((ISTEXT(J56)+ISTEXT(K56)+ISTEXT(P56))>0)+IF(AND(ISNUMBER(J56),ISNUMBER(K56)),(K56<J56)*1,0)+IF(ISNUMBER(K56),(K56>Lists!$K$2)*1,0)+(COUNTIF($B$2:$B$79,B56)>1)+IF(S56="Not Started",(N56>0)*1,IF(S56="Not Recorded",0,(N56=0)*1))+IF(AND(S56<>"Not Started",S56<>"Not Recorded"),(K56="")*1,0)+(P56="")+(G56="")+IF(G56="",0,(LEFT(G56,1)<>"+")*1) -> 1 | Z56: =IF(V56=1,W56+ROW()/100000,0) -> 0 | AA56: =IF(OR(S56="In Discussion",S56="Meeting Scheduled",S56="Partnership Active"),1,0) -> 0 | AB56: =IF(AND(S56<>"Not Started",S56<>"Not Recorded"),1,0) -> 0
A57: EMB-056 | B57: Sri Lanka | C57: Asia-Pacific | D57: Lucas Novak | E57: Commercial Counsellor | F57: lucas.novak@srilanka-embassy.example | G57: +91-11-2767-3532 | H57: Phone | I57: Rohan Mehta | J57: 46285 | K57: 46285 | L57: Contacted | M57: Low | N57: 1 | O57: Follow-up email | P57: 46316 | Q57: Awaiting reply from HQ | R57: =IF(TRIM(C57)="","Not Recorded",IFERROR(INDEX(Lists!$B$2:$B$60,MATCH(TRIM(C57),Lists!$A$2:$A$60,0)),"Not Recorded")) -> Asia-Pacific | S57: =IF(TRIM(L57)="","Not Recorded",IFERROR(INDEX(Lists!$E$2:$E$60,MATCH(TRIM(L57),Lists!$D$2:$D$60,0)),"Not Recorded")) -> Contacted | T57: =IF(TRIM(M57)="","Not Recorded",IFERROR(INDEX(Lists!$H$2:$H$60,MATCH(TRIM(M57),Lists!$G$2:$G$60,0)),"Not Recorded")) -> Low | U57: =IF(ISNUMBER(K57),Lists!$K$2-K57,"") -> 16 | V57: =IF(AND(ISNUMBER(P57),P57<Lists!$K$2,S57<>"On Hold"),1,0) -> 0 | W57: =IF(V57=1,Lists!$K$2-P57,0) -> 0 | X57: =IF(AND(ISNUMBER(K57),S57<>"On Hold"),IF(Lists!$K$2-K57>Lists!$K$3,1,0),0) -> 0 | Y57: =(F57="")+IF(F57="",0,ISERROR(FIND("@",F57))*1)+(D57="")+(I57="")+(R57="Not Recorded")+(S57="Not Recorded")+(T57="Not Recorded")+((ISTEXT(J57)+ISTEXT(K57)+ISTEXT(P57))>0)+IF(AND(ISNUMBER(J57),ISNUMBER(K57)),(K57<J57)*1,0)+IF(ISNUMBER(K57),(K57>Lists!$K$2)*1,0)+(COUNTIF($B$2:$B$79,B57)>1)+IF(S57="Not Started",(N57>0)*1,IF(S57="Not Recorded",0,(N57=0)*1))+IF(AND(S57<>"Not Started",S57<>"Not Recorded"),(K57="")*1,0)+(P57="")+(G57="")+IF(G57="",0,(LEFT(G57,1)<>"+")*1) -> 0 | Z57: =IF(V57=1,W57+ROW()/100000,0) -> 0 | AA57: =IF(OR(S57="In Discussion",S57="Meeting Scheduled",S57="Partnership Active"),1,0) -> 0 | AB57: =IF(AND(S57<>"Not Started",S57<>"Not Recorded"),1,0) -> 1
A58: EMB-057 | B58: Iraq | C58: Middle East | D58: Hiro Okafor | E58: Commercial Counsellor | F58: hiro.okafor@iraq-embassy.example | G58: +91-11-2027-7455 | H58: Letter | J58: 46140 | K58: 46126 | L58: Active | M58: Medium | N58: 9 | O58: Quarterly review call | P58: 46277 | R58: =IF(TRIM(C58)="","Not Recorded",IFERROR(INDEX(Lists!$B$2:$B$60,MATCH(TRIM(C58),Lists!$A$2:$A$60,0)),"Not Recorded")) -> Middle East | S58: =IF(TRIM(L58)="","Not Recorded",IFERROR(INDEX(Lists!$E$2:$E$60,MATCH(TRIM(L58),Lists!$D$2:$D$60,0)),"Not Recorded")) -> Partnership Active | T58: =IF(TRIM(M58)="","Not Recorded",IFERROR(INDEX(Lists!$H$2:$H$60,MATCH(TRIM(M58),Lists!$G$2:$G$60,0)),"Not Recorded")) -> Medium | U58: =IF(ISNUMBER(K58),Lists!$K$2-K58,"") -> 175 | V58: =IF(AND(ISNUMBER(P58),P58<Lists!$K$2,S58<>"On Hold"),1,0) -> 1 | W58: =IF(V58=1,Lists!$K$2-P58,0) -> 24 | X58: =IF(AND(ISNUMBER(K58),S58<>"On Hold"),IF(Lists!$K$2-K58>Lists!$K$3,1,0),0) -> 1 | Y58: =(F58="")+IF(F58="",0,ISERROR(FIND("@",F58))*1)+(D58="")+(I58="")+(R58="Not Recorded")+(S58="Not Recorded")+(T58="Not Recorded")+((ISTEXT(J58)+ISTEXT(K58)+ISTEXT(P58))>0)+IF(AND(ISNUMBER(J58),ISNUMBER(K58)),(K58<J58)*1,0)+IF(ISNUMBER(K58),(K58>Lists!$K$2)*1,0)+(COUNTIF($B$2:$B$79,B58)>1)+IF(S58="Not Started",(N58>0)*1,IF(S58="Not Recorded",0,(N58=0)*1))+IF(AND(S58<>"Not Started",S58<>"Not Recorded"),(K58="")*1,0)+(P58="")+(G58="")+IF(G58="",0,(LEFT(G58,1)<>"+")*1) -> 2 | Z58: =IF(V58=1,W58+ROW()/100000,0) -> 24.00058 | AA58: =IF(OR(S58="In Discussion",S58="Meeting Scheduled",S58="Partnership Active"),1,0) -> 1 | AB58: =IF(AND(S58<>"Not Started",S58<>"Not Recorded"),1,0) -> 1
A59: EMB-058 | B59: Saudi Arabia | C59: Middle East | D59: Kwame Haddad | E59: Protocol Officer | F59: kwame.haddad@saudiarabia-embassy.example | G59: +91-11-2086-5649 | H59: Letter | I59: Karan Joshi | J59: 46224 | K59: 29-Sep-2026 | L59: In Discussion | M59: Medium | N59: 5 | O59: Share proposal / MoU draft | P59: 46323 | Q59: Meeting postponed once | R59: =IF(TRIM(C59)="","Not Recorded",IFERROR(INDEX(Lists!$B$2:$B$60,MATCH(TRIM(C59),Lists!$A$2:$A$60,0)),"Not Recorded")) -> Middle East | S59: =IF(TRIM(L59)="","Not Recorded",IFERROR(INDEX(Lists!$E$2:$E$60,MATCH(TRIM(L59),Lists!$D$2:$D$60,0)),"Not Recorded")) -> In Discussion | T59: =IF(TRIM(M59)="","Not Recorded",IFERROR(INDEX(Lists!$H$2:$H$60,MATCH(TRIM(M59),Lists!$G$2:$G$60,0)),"Not Recorded")) -> Medium | U59: =IF(ISNUMBER(K59),Lists!$K$2-K59,"") | V59: =IF(AND(ISNUMBER(P59),P59<Lists!$K$2,S59<>"On Hold"),1,0) -> 0 | W59: =IF(V59=1,Lists!$K$2-P59,0) -> 0 | X59: =IF(AND(ISNUMBER(K59),S59<>"On Hold"),IF(Lists!$K$2-K59>Lists!$K$3,1,0),0) -> 0 | Y59: =(F59="")+IF(F59="",0,ISERROR(FIND("@",F59))*1)+(D59="")+(I59="")+(R59="Not Recorded")+(S59="Not Recorded")+(T59="Not Recorded")+((ISTEXT(J59)+ISTEXT(K59)+ISTEXT(P59))>0)+IF(AND(ISNUMBER(J59),ISNUMBER(K59)),(K59<J59)*1,0)+IF(ISNUMBER(K59),(K59>Lists!$K$2)*1,0)+(COUNTIF($B$2:$B$79,B59)>1)+IF(S59="Not Started",(N59>0)*1,IF(S59="Not Recorded",0,(N59=0)*1))+IF(AND(S59<>"Not Started",S59<>"Not Recorded"),(K59="")*1,0)+(P59="")+(G59="")+IF(G59="",0,(LEFT(G59,1)<>"+")*1) -> 1 | Z59: =IF(V59=1,W59+ROW()/100000,0) -> 0 | AA59: =IF(OR(S59="In Discussion",S59="Meeting Scheduled",S59="Partnership Active"),1,0) -> 1 | AB59: =IF(AND(S59<>"Not Started",S59<>"Not Recorded"),1,0) -> 1
A60: EMB-059 | B60: Singapore | C60: Asia-Pacific | E60: Protocol Officer | F60: jonas.tanaka@singapore-embassy.example | G60: +91-11-2882-4853 | H60: Event | I60: Aisha Khan | J60: 46257 | K60: 46321 | L60: Contacted | M60: Med | N60: 1 | O60: Follow-up email | P60: 46272 | R60: =IF(TRIM(C60)="","Not Recorded",IFERROR(INDEX(Lists!$B$2:$B$60,MATCH(TRIM(C60),Lists!$A$2:$A$60,0)),"Not Recorded")) -> Asia-Pacific | S60: =IF(TRIM(L60)="","Not Recorded",IFERROR(INDEX(Lists!$E$2:$E$60,MATCH(TRIM(L60),Lists!$D$2:$D$60,0)),"Not Recorded")) -> Contacted | T60: =IF(TRIM(M60)="","Not Recorded",IFERROR(INDEX(Lists!$H$2:$H$60,MATCH(TRIM(M60),Lists!$G$2:$G$60,0)),"Not Recorded")) -> Medium | U60: =IF(ISNUMBER(K60),Lists!$K$2-K60,"") -> -20 | V60: =IF(AND(ISNUMBER(P60),P60<Lists!$K$2,S60<>"On Hold"),1,0) -> 1 | W60: =IF(V60=1,Lists!$K$2-P60,0) -> 29 | X60: =IF(AND(ISNUMBER(K60),S60<>"On Hold"),IF(Lists!$K$2-K60>Lists!$K$3,1,0),0) -> 0 | Y60: =(F60="")+IF(F60="",0,ISERROR(FIND("@",F60))*1)+(D60="")+(I60="")+(R60="Not Recorded")+(S60="Not Recorded")+(T60="Not Recorded")+((ISTEXT(J60)+ISTEXT(K60)+ISTEXT(P60))>0)+IF(AND(ISNUMBER(J60),ISNUMBER(K60)),(K60<J60)*1,0)+IF(ISNUMBER(K60),(K60>Lists!$K$2)*1,0)+(COUNTIF($B$2:$B$79,B60)>1)+IF(S60="Not Started",(N60>0)*1,IF(S60="Not Recorded",0,(N60=0)*1))+IF(AND(S60<>"Not Started",S60<>"Not Recorded"),(K60="")*1,0)+(P60="")+(G60="")+IF(G60="",0,(LEFT(G60,1)<>"+")*1) -> 2 | Z60: =IF(V60=1,W60+ROW()/100000,0) -> 29.0006 | AA60: =IF(OR(S60="In Discussion",S60="Meeting Scheduled",S60="Partnership Active"),1,0) -> 0 | AB60: =IF(AND(S60<>"Not Started",S60<>"Not Recorded"),1,0) -> 1
A61: EMB-060 | B61: Mongolia | C61: Asia-Pacific | D61: Layla Olsen | E61: Ambassador's Office | F61: layla.olsen@mongolia-embassy.example | G61: +91-11-2675-4164 | H61: Event | I61: Priya Nair | J61: 46134 | K61: 46274 | L61: Contacted | M61: low | N61: 2 | O61: Follow-up email | P61: 46309 | R61: =IF(TRIM(C61)="","Not Recorded",IFERROR(INDEX(Lists!$B$2:$B$60,MATCH(TRIM(C61),Lists!$A$2:$A$60,0)),"Not Recorded")) -> Asia-Pacific | S61: =IF(TRIM(L61)="","Not Recorded",IFERROR(INDEX(Lists!$E$2:$E$60,MATCH(TRIM(L61),Lists!$D$2:$D$60,0)),"Not Recorded")) -> Contacted | T61: =IF(TRIM(M61)="","Not Recorded",IFERROR(INDEX(Lists!$H$2:$H$60,MATCH(TRIM(M61),Lists!$G$2:$G$60,0)),"Not Recorded")) -> Low | U61: =IF(ISNUMBER(K61),Lists!$K$2-K61,"") -> 27 | V61: =IF(AND(ISNUMBER(P61),P61<Lists!$K$2,S61<>"On Hold"),1,0) -> 0 | W61: =IF(V61=1,Lists!$K$2-P61,0) -> 0 | X61: =IF(AND(ISNUMBER(K61),S61<>"On Hold"),IF(Lists!$K$2-K61>Lists!$K$3,1,0),0) -> 0 | Y61: =(F61="")+IF(F61="",0,ISERROR(FIND("@",F61))*1)+(D61="")+(I61="")+(R61="Not Recorded")+(S61="Not Recorded")+(T61="Not Recorded")+((ISTEXT(J61)+ISTEXT(K61)+ISTEXT(P61))>0)+IF(AND(ISNUMBER(J61),ISNUMBER(K61)),(K61<J61)*1,0)+IF(ISNUMBER(K61),(K61>Lists!$K$2)*1,0)+(COUNTIF($B$2:$B$79,B61)>1)+IF(S61="Not Started",(N61>0)*1,IF(S61="Not Recorded",0,(N61=0)*1))+IF(AND(S61<>"Not Started",S61<>"Not Recorded"),(K61="")*1,0)+(P61="")+(G61="")+IF(G61="",0,(LEFT(G61,1)<>"+")*1) -> 0 | Z61: =IF(V61=1,W61+ROW()/100000,0) -> 0 | AA61: =IF(OR(S61="In Discussion",S61="Meeting Scheduled",S61="Partnership Active"),1,0) -> 0 | AB61: =IF(AND(S61<>"Not Started",S61<>"Not Recorded"),1,0) -> 1
A62: EMB-061 | B62: Portugal | C62: Europe | D62: Maya Rossi | E62: Commercial Counsellor | G62: +91-11-2331-9005 | H62: Email | I62: Aisha Khan | J62: 46193 | K62: 46264 | L62: On Hold | M62: Medium | N62: 3 | O62: Review in next quarter | P62: 46310 | Q62: Prefers formal letters | R62: =IF(TRIM(C62)="","Not Recorded",IFERROR(INDEX(Lists!$B$2:$B$60,MATCH(TRIM(C62),Lists!$A$2:$A$60,0)),"Not Recorded")) -> Europe | S62: =IF(TRIM(L62)="","Not Recorded",IFERROR(INDEX(Lists!$E$2:$E$60,MATCH(TRIM(L62),Lists!$D$2:$D$60,0)),"Not Recorded")) -> On Hold | T62: =IF(TRIM(M62)="","Not Recorded",IFERROR(INDEX(Lists!$H$2:$H$60,MATCH(TRIM(M62),Lists!$G$2:$G$60,0)),"Not Recorded")) -> Medium | U62: =IF(ISNUMBER(K62),Lists!$K$2-K62,"") -> 37 | V62: =IF(AND(ISNUMBER(P62),P62<Lists!$K$2,S62<>"On Hold"),1,0) -> 0 | W62: =IF(V62=1,Lists!$K$2-P62,0) -> 0 | X62: =IF(AND(ISNUMBER(K62),S62<>"On Hold"),IF(Lists!$K$2-K62>Lists!$K$3,1,0),0) -> 0 | Y62: =(F62="")+IF(F62="",0,ISERROR(FIND("@",F62))*1)+(D62="")+(I62="")+(R62="Not Recorded")+(S62="Not Recorded")+(T62="Not Recorded")+((ISTEXT(J62)+ISTEXT(K62)+ISTEXT(P62))>0)+IF(AND(ISNUMBER(J62),ISNUMBER(K62)),(K62<J62)*1,0)+IF(ISNUMBER(K62),(K62>Lists!$K$2)*1,0)+(COUNTIF($B$2:$B$79,B62)>1)+IF(S62="Not Started",(N62>0)*1,IF(S62="Not Recorded",0,(N62=0)*1))+IF(AND(S62<>"Not Started",S62<>"Not Recorded"),(K62="")*1,0)+(P62="")+(G62="")+IF(G62="",0,(LEFT(G62,1)<>"+")*1) -> 1 | Z62: =IF(V62=1,W62+ROW()/100000,0) -> 0 | AA62: =IF(OR(S62="In Discussion",S62="Meeting Scheduled",S62="Partnership Active"),1,0) -> 0 | AB62: =IF(AND(S62<>"Not Started",S62<>"Not Recorded"),1,0) -> 1
A63: EMB-062 | B63: Spain | C63: Europe | D63: Elena Okafor | E63: First Secretary | F63: elena.okafor@spain-embassy.example | G63: +91-11-2826-1711 | H63: Event | I63: Neha Verma | L63: Not Started | M63: None | N63: 0 | O63: Send introductory letter | P63: 46321 | Q63: Awaiting reply from HQ | R63: =IF(TRIM(C63)="","Not Recorded",IFERROR(INDEX(Lists!$B$2:$B$60,MATCH(TRIM(C63),Lists!$A$2:$A$60,0)),"Not Recorded")) -> Europe | S63: =IF(TRIM(L63)="","Not Recorded",IFERROR(INDEX(Lists!$E$2:$E$60,MATCH(TRIM(L63),Lists!$D$2:$D$60,0)),"Not Recorded")) -> Not Started | T63: =IF(TRIM(M63)="","Not Recorded",IFERROR(INDEX(Lists!$H$2:$H$60,MATCH(TRIM(M63),Lists!$G$2:$G$60,0)),"Not Recorded")) -> None | U63: =IF(ISNUMBER(K63),Lists!$K$2-K63,"") | V63: =IF(AND(ISNUMBER(P63),P63<Lists!$K$2,S63<>"On Hold"),1,0) -> 0 | W63: =IF(V63=1,Lists!$K$2-P63,0) -> 0 | X63: =IF(AND(ISNUMBER(K63),S63<>"On Hold"),IF(Lists!$K$2-K63>Lists!$K$3,1,0),0) -> 0 | Y63: =(F63="")+IF(F63="",0,ISERROR(FIND("@",F63))*1)+(D63="")+(I63="")+(R63="Not Recorded")+(S63="Not Recorded")+(T63="Not Recorded")+((ISTEXT(J63)+ISTEXT(K63)+ISTEXT(P63))>0)+IF(AND(ISNUMBER(J63),ISNUMBER(K63)),(K63<J63)*1,0)+IF(ISNUMBER(K63),(K63>Lists!$K$2)*1,0)+(COUNTIF($B$2:$B$79,B63)>1)+IF(S63="Not Started",(N63>0)*1,IF(S63="Not Recorded",0,(N63=0)*1))+IF(AND(S63<>"Not Started",S63<>"Not Recorded"),(K63="")*1,0)+(P63="")+(G63="")+IF(G63="",0,(LEFT(G63,1)<>"+")*1) -> 0 | Z63: =IF(V63=1,W63+ROW()/100000,0) -> 0 | AA63: =IF(OR(S63="In Discussion",S63="Meeting Scheduled",S63="Partnership Active"),1,0) -> 0 | AB63: =IF(AND(S63<>"Not Started",S63<>"Not Recorded"),1,0) -> 0
A64: EMB-063 | B64: Thailand | C64: Asia-Pacific | D64: Elena Garcia | E64: Cultural Attaché | F64: elena.garcia@thailand-embassy.example | G64: +91-11-2448-9900 | H64: Meeting | I64: Neha Verma | J64: 46172 | K64: 46258 | L64: Partnership Active | M64: None | N64: 8 | O64: Quarterly review call | P64: 46274 | Q64: Requested brochure | R64: =IF(TRIM(C64)="","Not Recorded",IFERROR(INDEX(Lists!$B$2:$B$60,MATCH(TRIM(C64),Lists!$A$2:$A$60,0)),"Not Recorded")) -> Asia-Pacific | S64: =IF(TRIM(L64)="","Not Recorded",IFERROR(INDEX(Lists!$E$2:$E$60,MATCH(TRIM(L64),Lists!$D$2:$D$60,0)),"Not Recorded")) -> Partnership Active | T64: =IF(TRIM(M64)="","Not Recorded",IFERROR(INDEX(Lists!$H$2:$H$60,MATCH(TRIM(M64),Lists!$G$2:$G$60,0)),"Not Recorded")) -> None | U64: =IF(ISNUMBER(K64),Lists!$K$2-K64,"") -> 43 | V64: =IF(AND(ISNUMBER(P64),P64<Lists!$K$2,S64<>"On Hold"),1,0) -> 1 | W64: =IF(V64=1,Lists!$K$2-P64,0) -> 27 | X64: =IF(AND(ISNUMBER(K64),S64<>"On Hold"),IF(Lists!$K$2-K64>Lists!$K$3,1,0),0) -> 1 | Y64: =(F64="")+IF(F64="",0,ISERROR(FIND("@",F64))*1)+(D64="")+(I64="")+(R64="Not Recorded")+(S64="Not Recorded")+(T64="Not Recorded")+((ISTEXT(J64)+ISTEXT(K64)+ISTEXT(P64))>0)+IF(AND(ISNUMBER(J64),ISNUMBER(K64)),(K64<J64)*1,0)+IF(ISNUMBER(K64),(K64>Lists!$K$2)*1,0)+(COUNTIF($B$2:$B$79,B64)>1)+IF(S64="Not Started",(N64>0)*1,IF(S64="Not Recorded",0,(N64=0)*1))+IF(AND(S64<>"Not Started",S64<>"Not Recorded"),(K64="")*1,0)+(P64="")+(G64="")+IF(G64="",0,(LEFT(G64,1)<>"+")*1) -> 1 | Z64: =IF(V64=1,W64+ROW()/100000,0) -> 27.00064 | AA64: =IF(OR(S64="In Discussion",S64="Meeting Scheduled",S64="Partnership Active"),1,0) -> 1 | AB64: =IF(AND(S64<>"Not Started",S64<>"Not Recorded"),1,0) -> 1
A65: EMB-064 | B65: Mozambique | C65: Africa | D65: Fatima Rahman | E65: Press Officer | F65: fatima.rahman@mozambique-embassy.example | G65: +91-11-2566-9698 | H65: Meeting | I65: Imran Sheikh | J65: 46148 | K65: 46274 | L65: Contacted | N65: 2 | O65: Follow-up email | P65: 46301 | Q65: Requested brochure | R65: =IF(TRIM(C65)="","Not Recorded",IFERROR(INDEX(Lists!$B$2:$B$60,MATCH(TRIM(C65),Lists!$A$2:$A$60,0)),"Not Recorded")) -> Africa | S65: =IF(TRIM(L65)="","Not Recorded",IFERROR(INDEX(Lists!$E$2:$E$60,MATCH(TRIM(L65),Lists!$D$2:$D$60,0)),"Not Recorded")) -> Contacted | T65: =IF(TRIM(M65)="","Not Recorded",IFERROR(INDEX(Lists!$H$2:$H$60,MATCH(TRIM(M65),Lists!$G$2:$G$60,0)),"Not Recorded")) -> Not Recorded | U65: =IF(ISNUMBER(K65),Lists!$K$2-K65,"") -> 27 | V65: =IF(AND(ISNUMBER(P65),P65<Lists!$K$2,S65<>"On Hold"),1,0) -> 0 | W65: =IF(V65=1,Lists!$K$2-P65,0) -> 0 | X65: =IF(AND(ISNUMBER(K65),S65<>"On Hold"),IF(Lists!$K$2-K65>Lists!$K$3,1,0),0) -> 0 | Y65: =(F65="")+IF(F65="",0,ISERROR(FIND("@",F65))*1)+(D65="")+(I65="")+(R65="Not Recorded")+(S65="Not Recorded")+(T65="Not Recorded")+((ISTEXT(J65)+ISTEXT(K65)+ISTEXT(P65))>0)+IF(AND(ISNUMBER(J65),ISNUMBER(K65)),(K65<J65)*1,0)+IF(ISNUMBER(K65),(K65>Lists!$K$2)*1,0)+(COUNTIF($B$2:$B$79,B65)>1)+IF(S65="Not Started",(N65>0)*1,IF(S65="Not Recorded",0,(N65=0)*1))+IF(AND(S65<>"Not Started",S65<>"Not Recorded"),(K65="")*1,0)+(P65="")+(G65="")+IF(G65="",0,(LEFT(G65,1)<>"+")*1) -> 1 | Z65: =IF(V65=1,W65+ROW()/100000,0) -> 0 | AA65: =IF(OR(S65="In Discussion",S65="Meeting Scheduled",S65="Partnership Active"),1,0) -> 0 | AB65: =IF(AND(S65<>"Not Started",S65<>"Not Recorded"),1,0) -> 1
A66: EMB-065 | B66: France | C66: Europe | D66: Anna Petrov | E66: Cultural Attaché | F66: anna.petrov@france-embassy.example | G66: +91-11-2228-3286 | H66: Email | J66: 46144 | L66: In Discussion | M66: Medium | N66: 3 | O66: Share proposal / MoU draft | P66: 46274 | Q66: Requested brochure | R66: =IF(TRIM(C66)="","Not Recorded",IFERROR(INDEX(Lists!$B$2:$B$60,MATCH(TRIM(C66),Lists!$A$2:$A$60,0)),"Not Recorded")) -> Europe | S66: =IF(TRIM(L66)="","Not Recorded",IFERROR(INDEX(Lists!$E$2:$E$60,MATCH(TRIM(L66),Lists!$D$2:$D$60,0)),"Not Recorded")) -> In Discussion | T66: =IF(TRIM(M66)="","Not Recorded",IFERROR(INDEX(Lists!$H$2:$H$60,MATCH(TRIM(M66),Lists!$G$2:$G$60,0)),"Not Recorded")) -> Medium | U66: =IF(ISNUMBER(K66),Lists!$K$2-K66,"") | V66: =IF(AND(ISNUMBER(P66),P66<Lists!$K$2,S66<>"On Hold"),1,0) -> 1 | W66: =IF(V66=1,Lists!$K$2-P66,0) -> 27 | X66: =IF(AND(ISNUMBER(K66),S66<>"On Hold"),IF(Lists!$K$2-K66>Lists!$K$3,1,0),0) -> 0 | Y66: =(F66="")+IF(F66="",0,ISERROR(FIND("@",F66))*1)+(D66="")+(I66="")+(R66="Not Recorded")+(S66="Not Recorded")+(T66="Not Recorded")+((ISTEXT(J66)+ISTEXT(K66)+ISTEXT(P66))>0)+IF(AND(ISNUMBER(J66),ISNUMBER(K66)),(K66<J66)*1,0)+IF(ISNUMBER(K66),(K66>Lists!$K$2)*1,0)+(COUNTIF($B$2:$B$79,B66)>1)+IF(S66="Not Started",(N66>0)*1,IF(S66="Not Recorded",0,(N66=0)*1))+IF(AND(S66<>"Not Started",S66<>"Not Recorded"),(K66="")*1,0)+(P66="")+(G66="")+IF(G66="",0,(LEFT(G66,1)<>"+")*1) -> 2 | Z66: =IF(V66=1,W66+ROW()/100000,0) -> 27.00066 | AA66: =IF(OR(S66="In Discussion",S66="Meeting Scheduled",S66="Partnership Active"),1,0) -> 1 | AB66: =IF(AND(S66<>"Not Started",S66<>"Not Recorded"),1,0) -> 1
A67: EMB-066 | B67: Kenya | C67: Africa | D67: Layla Nkosi | E67: Political Counsellor | F67: layla.nkosi@kenya-embassy.example | G67: +91-11-2020-3496 | H67: Phone | I67: Rohan Mehta | J67: 46217 | K67: 46282 | L67: Meeting Scheduled | M67: High | N67: 4 | O67: Prepare meeting brief | P67: 46321 | Q67: Holiday season delay | R67: =IF(TRIM(C67)="","Not Recorded",IFERROR(INDEX(Lists!$B$2:$B$60,MATCH(TRIM(C67),Lists!$A$2:$A$60,0)),"Not Recorded")) -> Africa | S67: =IF(TRIM(L67)="","Not Recorded",IFERROR(INDEX(Lists!$E$2:$E$60,MATCH(TRIM(L67),Lists!$D$2:$D$60,0)),"Not Recorded")) -> Meeting Scheduled | T67: =IF(TRIM(M67)="","Not Recorded",IFERROR(INDEX(Lists!$H$2:$H$60,MATCH(TRIM(M67),Lists!$G$2:$G$60,0)),"Not Recorded")) -> High | U67: =IF(ISNUMBER(K67),Lists!$K$2-K67,"") -> 19 | V67: =IF(AND(ISNUMBER(P67),P67<Lists!$K$2,S67<>"On Hold"),1,0) -> 0 | W67: =IF(V67=1,Lists!$K$2-P67,0) -> 0 | X67: =IF(AND(ISNUMBER(K67),S67<>"On Hold"),IF(Lists!$K$2-K67>Lists!$K$3,1,0),0) -> 0 | Y67: =(F67="")+IF(F67="",0,ISERROR(FIND("@",F67))*1)+(D67="")+(I67="")+(R67="Not Recorded")+(S67="Not Recorded")+(T67="Not Recorded")+((ISTEXT(J67)+ISTEXT(K67)+ISTEXT(P67))>0)+IF(AND(ISNUMBER(J67),ISNUMBER(K67)),(K67<J67)*1,0)+IF(ISNUMBER(K67),(K67>Lists!$K$2)*1,0)+(COUNTIF($B$2:$B$79,B67)>1)+IF(S67="Not Started",(N67>0)*1,IF(S67="Not Recorded",0,(N67=0)*1))+IF(AND(S67<>"Not Started",S67<>"Not Recorded"),(K67="")*1,0)+(P67="")+(G67="")+IF(G67="",0,(LEFT(G67,1)<>"+")*1) -> 0 | Z67: =IF(V67=1,W67+ROW()/100000,0) -> 0 | AA67: =IF(OR(S67="In Discussion",S67="Meeting Scheduled",S67="Partnership Active"),1,0) -> 1 | AB67: =IF(AND(S67<>"Not Started",S67<>"Not Recorded"),1,0) -> 1
A68: EMB-067 | B68: Finland | C68: Europe | D68: David Fernandez | E68: Political Counsellor | F68: david.fernandez@finland-embassy.example | G68: +91-11-2747-4295 | H68: Meeting | I68: Imran Sheikh | J68: 46164 | K68: 46204 | L68: No Response | N68: 3 | O68: Escalate via phone / alternate contact | P68: 46229 | Q68: Interested in cultural exchange | R68: =IF(TRIM(C68)="","Not Recorded",IFERROR(INDEX(Lists!$B$2:$B$60,MATCH(TRIM(C68),Lists!$A$2:$A$60,0)),"Not Recorded")) -> Europe | S68: =IF(TRIM(L68)="","Not Recorded",IFERROR(INDEX(Lists!$E$2:$E$60,MATCH(TRIM(L68),Lists!$D$2:$D$60,0)),"Not Recorded")) -> No Response | T68: =IF(TRIM(M68)="","Not Recorded",IFERROR(INDEX(Lists!$H$2:$H$60,MATCH(TRIM(M68),Lists!$G$2:$G$60,0)),"Not Recorded")) -> Not Recorded | U68: =IF(ISNUMBER(K68),Lists!$K$2-K68,"") -> 97 | V68: =IF(AND(ISNUMBER(P68),P68<Lists!$K$2,S68<>"On Hold"),1,0) -> 1 | W68: =IF(V68=1,Lists!$K$2-P68,0) -> 72 | X68: =IF(AND(ISNUMBER(K68),S68<>"On Hold"),IF(Lists!$K$2-K68>Lists!$K$3,1,0),0) -> 1 | Y68: =(F68="")+IF(F68="",0,ISERROR(FIND("@",F68))*1)+(D68="")+(I68="")+(R68="Not Recorded")+(S68="Not Recorded")+(T68="Not Recorded")+((ISTEXT(J68)+ISTEXT(K68)+ISTEXT(P68))>0)+IF(AND(ISNUMBER(J68),ISNUMBER(K68)),(K68<J68)*1,0)+IF(ISNUMBER(K68),(K68>Lists!$K$2)*1,0)+(COUNTIF($B$2:$B$79,B68)>1)+IF(S68="Not Started",(N68>0)*1,IF(S68="Not Recorded",0,(N68=0)*1))+IF(AND(S68<>"Not Started",S68<>"Not Recorded"),(K68="")*1,0)+(P68="")+(G68="")+IF(G68="",0,(LEFT(G68,1)<>"+")*1) -> 1 | Z68: =IF(V68=1,W68+ROW()/100000,0) -> 72.00068 | AA68: =IF(OR(S68="In Discussion",S68="Meeting Scheduled",S68="Partnership Active"),1,0) -> 0 | AB68: =IF(AND(S68<>"Not Started",S68<>"Not Recorded"),1,0) -> 1
A69: EMB-068 | B69: Oman | C69: Middle East | E69: Protocol Officer | F69: layla.silva@oman-embassy.example | G69: (011) 27041090 | H69: Email | I69: Imran Sheikh | J69: 46067 | K69: 46195 | L69: No Response | M69: None | N69: 3 | O69: Escalate via phone / alternate contact | P69: 46208 | R69: =IF(TRIM(C69)="","Not Recorded",IFERROR(INDEX(Lists!$B$2:$B$60,MATCH(TRIM(C69),Lists!$A$2:$A$60,0)),"Not Recorded")) -> Middle East | S69: =IF(TRIM(L69)="","Not Recorded",IFERROR(INDEX(Lists!$E$2:$E$60,MATCH(TRIM(L69),Lists!$D$2:$D$60,0)),"Not Recorded")) -> No Response | T69: =IF(TRIM(M69)="","Not Recorded",IFERROR(INDEX(Lists!$H$2:$H$60,MATCH(TRIM(M69),Lists!$G$2:$G$60,0)),"Not Recorded")) -> None | U69: =IF(ISNUMBER(K69),Lists!$K$2-K69,"") -> 106 | V69: =IF(AND(ISNUMBER(P69),P69<Lists!$K$2,S69<>"On Hold"),1,0) -> 1 | W69: =IF(V69=1,Lists!$K$2-P69,0) -> 93 | X69: =IF(AND(ISNUMBER(K69),S69<>"On Hold"),IF(Lists!$K$2-K69>Lists!$K$3,1,0),0) -> 1 | Y69: =(F69="")+IF(F69="",0,ISERROR(FIND("@",F69))*1)+(D69="")+(I69="")+(R69="Not Recorded")+(S69="Not Recorded")+(T69="Not Recorded")+((ISTEXT(J69)+ISTEXT(K69)+ISTEXT(P69))>0)+IF(AND(ISNUMBER(J69),ISNUMBER(K69)),(K69<J69)*1,0)+IF(ISNUMBER(K69),(K69>Lists!$K$2)*1,0)+(COUNTIF($B$2:$B$79,B69)>1)+IF(S69="Not Started",(N69>0)*1,IF(S69="Not Recorded",0,(N69=0)*1))+IF(AND(S69<>"Not Started",S69<>"Not Recorded"),(K69="")*1,0)+(P69="")+(G69="")+IF(G69="",0,(LEFT(G69,1)<>"+")*1) -> 2 | Z69: =IF(V69=1,W69+ROW()/100000,0) -> 93.00069 | AA69: =IF(OR(S69="In Discussion",S69="Meeting Scheduled",S69="Partnership Active"),1,0) -> 0 | AB69: =IF(AND(S69<>"Not Started",S69<>"Not Recorded"),1,0) -> 1
A70: EMB-069 | B70: Nepal | C70: Asia-Pacific | D70: Yusuf Olsen | E70: First Secretary | F70: yusuf.olsen@nepal-embassy.example | G70: +91-11-2163-2771 | H70: Event | I70: Aisha Khan | J70: 46147 | K70: 46274 | L70: Meeting Scheduled | M70: High | N70: 5 | O70: Prepare meeting brief | P70: 46306 | R70: =IF(TRIM(C70)="","Not Recorded",IFERROR(INDEX(Lists!$B$2:$B$60,MATCH(TRIM(C70),Lists!$A$2:$A$60,0)),"Not Recorded")) -> Asia-Pacific | S70: =IF(TRIM(L70)="","Not Recorded",IFERROR(INDEX(Lists!$E$2:$E$60,MATCH(TRIM(L70),Lists!$D$2:$D$60,0)),"Not Recorded")) -> Meeting Scheduled | T70: =IF(TRIM(M70)="","Not Recorded",IFERROR(INDEX(Lists!$H$2:$H$60,MATCH(TRIM(M70),Lists!$G$2:$G$60,0)),"Not Recorded")) -> High | U70: =IF(ISNUMBER(K70),Lists!$K$2-K70,"") -> 27 | V70: =IF(AND(ISNUMBER(P70),P70<Lists!$K$2,S70<>"On Hold"),1,0) -> 0 | W70: =IF(V70=1,Lists!$K$2-P70,0) -> 0 | X70: =IF(AND(ISNUMBER(K70),S70<>"On Hold"),IF(Lists!$K$2-K70>Lists!$K$3,1,0),0) -> 0 | Y70: =(F70="")+IF(F70="",0,ISERROR(FIND("@",F70))*1)+(D70="")+(I70="")+(R70="Not Recorded")+(S70="Not Recorded")+(T70="Not Recorded")+((ISTEXT(J70)+ISTEXT(K70)+ISTEXT(P70))>0)+IF(AND(ISNUMBER(J70),ISNUMBER(K70)),(K70<J70)*1,0)+IF(ISNUMBER(K70),(K70>Lists!$K$2)*1,0)+(COUNTIF($B$2:$B$79,B70)>1)+IF(S70="Not Started",(N70>0)*1,IF(S70="Not Recorded",0,(N70=0)*1))+IF(AND(S70<>"Not Started",S70<>"Not Recorded"),(K70="")*1,0)+(P70="")+(G70="")+IF(G70="",0,(LEFT(G70,1)<>"+")*1) -> 0 | Z70: =IF(V70=1,W70+ROW()/100000,0) -> 0 | AA70: =IF(OR(S70="In Discussion",S70="Meeting Scheduled",S70="Partnership Active"),1,0) -> 1 | AB70: =IF(AND(S70<>"Not Started",S70<>"Not Recorded"),1,0) -> 1
A71: EMB-070 | B71: Qatar | C71: Middle East | D71: David Silva | E71: Ambassador's Office | F71: david.silva.qatar-embassy.example | G71: +91-11-2047-5011 | H71: Event | I71: Neha Verma | J71: 46197 | K71: 46256 | L71: Contacted | M71: LOW | N71: 2 | O71: Follow-up email | P71: 46290 | Q71: Interested in cultural exchange | R71: =IF(TRIM(C71)="","Not Recorded",IFERROR(INDEX(Lists!$B$2:$B$60,MATCH(TRIM(C71),Lists!$A$2:$A$60,0)),"Not Recorded")) -> Middle East | S71: =IF(TRIM(L71)="","Not Recorded",IFERROR(INDEX(Lists!$E$2:$E$60,MATCH(TRIM(L71),Lists!$D$2:$D$60,0)),"Not Recorded")) -> Contacted | T71: =IF(TRIM(M71)="","Not Recorded",IFERROR(INDEX(Lists!$H$2:$H$60,MATCH(TRIM(M71),Lists!$G$2:$G$60,0)),"Not Recorded")) -> Low | U71: =IF(ISNUMBER(K71),Lists!$K$2-K71,"") -> 45 | V71: =IF(AND(ISNUMBER(P71),P71<Lists!$K$2,S71<>"On Hold"),1,0) -> 1 | W71: =IF(V71=1,Lists!$K$2-P71,0) -> 11 | X71: =IF(AND(ISNUMBER(K71),S71<>"On Hold"),IF(Lists!$K$2-K71>Lists!$K$3,1,0),0) -> 1 | Y71: =(F71="")+IF(F71="",0,ISERROR(FIND("@",F71))*1)+(D71="")+(I71="")+(R71="Not Recorded")+(S71="Not Recorded")+(T71="Not Recorded")+((ISTEXT(J71)+ISTEXT(K71)+ISTEXT(P71))>0)+IF(AND(ISNUMBER(J71),ISNUMBER(K71)),(K71<J71)*1,0)+IF(ISNUMBER(K71),(K71>Lists!$K$2)*1,0)+(COUNTIF($B$2:$B$79,B71)>1)+IF(S71="Not Started",(N71>0)*1,IF(S71="Not Recorded",0,(N71=0)*1))+IF(AND(S71<>"Not Started",S71<>"Not Recorded"),(K71="")*1,0)+(P71="")+(G71="")+IF(G71="",0,(LEFT(G71,1)<>"+")*1) -> 1 | Z71: =IF(V71=1,W71+ROW()/100000,0) -> 11.00071 | AA71: =IF(OR(S71="In Discussion",S71="Meeting Scheduled",S71="Partnership Active"),1,0) -> 0 | AB71: =IF(AND(S71<>"Not Started",S71<>"Not Recorded"),1,0) -> 1
A72: EMB-071 | B72: Greece | C72: Europe | D72: Maya Park | E72: Political Counsellor | F72: maya.park@greece-embassy.example | G72: 011 2640 5889 | H72: Letter | I72: Neha Verma | J72: 46225 | L72: Meeting Scheduled | M72: Medium | N72: 6 | O72: Prepare meeting brief | P72: 46320 | R72: =IF(TRIM(C72)="","Not Recorded",IFERROR(INDEX(Lists!$B$2:$B$60,MATCH(TRIM(C72),Lists!$A$2:$A$60,0)),"Not Recorded")) -> Europe | S72: =IF(TRIM(L72)="","Not Recorded",IFERROR(INDEX(Lists!$E$2:$E$60,MATCH(TRIM(L72),Lists!$D$2:$D$60,0)),"Not Recorded")) -> Meeting Scheduled | T72: =IF(TRIM(M72)="","Not Recorded",IFERROR(INDEX(Lists!$H$2:$H$60,MATCH(TRIM(M72),Lists!$G$2:$G$60,0)),"Not Recorded")) -> Medium | U72: =IF(ISNUMBER(K72),Lists!$K$2-K72,"") | V72: =IF(AND(ISNUMBER(P72),P72<Lists!$K$2,S72<>"On Hold"),1,0) -> 0 | W72: =IF(V72=1,Lists!$K$2-P72,0) -> 0 | X72: =IF(AND(ISNUMBER(K72),S72<>"On Hold"),IF(Lists!$K$2-K72>Lists!$K$3,1,0),0) -> 0 | Y72: =(F72="")+IF(F72="",0,ISERROR(FIND("@",F72))*1)+(D72="")+(I72="")+(R72="Not Recorded")+(S72="Not Recorded")+(T72="Not Recorded")+((ISTEXT(J72)+ISTEXT(K72)+ISTEXT(P72))>0)+IF(AND(ISNUMBER(J72),ISNUMBER(K72)),(K72<J72)*1,0)+IF(ISNUMBER(K72),(K72>Lists!$K$2)*1,0)+(COUNTIF($B$2:$B$79,B72)>1)+IF(S72="Not Started",(N72>0)*1,IF(S72="Not Recorded",0,(N72=0)*1))+IF(AND(S72<>"Not Started",S72<>"Not Recorded"),(K72="")*1,0)+(P72="")+(G72="")+IF(G72="",0,(LEFT(G72,1)<>"+")*1) -> 2 | Z72: =IF(V72=1,W72+ROW()/100000,0) -> 0 | AA72: =IF(OR(S72="In Discussion",S72="Meeting Scheduled",S72="Partnership Active"),1,0) -> 1 | AB72: =IF(AND(S72<>"Not Started",S72<>"Not Recorded"),1,0) -> 1
A73: EMB-072 | B73: Uganda | C73: Africa | D73: Layla Ali | E73: Protocol Officer | F73: layla.ali@uganda-embassy.example | G73: +91-11-2728-9041 | H73: Event | I73: Aisha Khan | J73: 46210 | K73: 46210 | L73: No Response | M73: None | N73: 1 | O73: Escalate via phone / alternate contact | P73: 46235 | Q73: Prefers formal letters | R73: =IF(TRIM(C73)="","Not Recorded",IFERROR(INDEX(Lists!$B$2:$B$60,MATCH(TRIM(C73),Lists!$A$2:$A$60,0)),"Not Recorded")) -> Africa | S73: =IF(TRIM(L73)="","Not Recorded",IFERROR(INDEX(Lists!$E$2:$E$60,MATCH(TRIM(L73),Lists!$D$2:$D$60,0)),"Not Recorded")) -> No Response | T73: =IF(TRIM(M73)="","Not Recorded",IFERROR(INDEX(Lists!$H$2:$H$60,MATCH(TRIM(M73),Lists!$G$2:$G$60,0)),"Not Recorded")) -> None | U73: =IF(ISNUMBER(K73),Lists!$K$2-K73,"") -> 91 | V73: =IF(AND(ISNUMBER(P73),P73<Lists!$K$2,S73<>"On Hold"),1,0) -> 1 | W73: =IF(V73=1,Lists!$K$2-P73,0) -> 66 | X73: =IF(AND(ISNUMBER(K73),S73<>"On Hold"),IF(Lists!$K$2-K73>Lists!$K$3,1,0),0) -> 1 | Y73: =(F73="")+IF(F73="",0,ISERROR(FIND("@",F73))*1)+(D73="")+(I73="")+(R73="Not Recorded")+(S73="Not Recorded")+(T73="Not Recorded")+((ISTEXT(J73)+ISTEXT(K73)+ISTEXT(P73))>0)+IF(AND(ISNUMBER(J73),ISNUMBER(K73)),(K73<J73)*1,0)+IF(ISNUMBER(K73),(K73>Lists!$K$2)*1,0)+(COUNTIF($B$2:$B$79,B73)>1)+IF(S73="Not Started",(N73>0)*1,IF(S73="Not Recorded",0,(N73=0)*1))+IF(AND(S73<>"Not Started",S73<>"Not Recorded"),(K73="")*1,0)+(P73="")+(G73="")+IF(G73="",0,(LEFT(G73,1)<>"+")*1) -> 0 | Z73: =IF(V73=1,W73+ROW()/100000,0) -> 66.00073 | AA73: =IF(OR(S73="In Discussion",S73="Meeting Scheduled",S73="Partnership Active"),1,0) -> 0 | AB73: =IF(AND(S73<>"Not Started",S73<>"Not Recorded"),1,0) -> 1
A74: EMB-073 | B74: Netherlands | C74: Europe | D74: Amara Okafor | E74: Political Counsellor | F74: amara.okafor@netherlands-embassy.example | G74: +91-11-2370-4150 | H74: Email | I74: Aisha Khan | J74: 19/07/2026 | K74: 46291 | L74: Contacted | M74: Medium | N74: 2 | O74: Follow-up email | P74: 46307 | R74: =IF(TRIM(C74)="","Not Recorded",IFERROR(INDEX(Lists!$B$2:$B$60,MATCH(TRIM(C74),Lists!$A$2:$A$60,0)),"Not Recorded")) -> Europe | S74: =IF(TRIM(L74)="","Not Recorded",IFERROR(INDEX(Lists!$E$2:$E$60,MATCH(TRIM(L74),Lists!$D$2:$D$60,0)),"Not Recorded")) -> Contacted | T74: =IF(TRIM(M74)="","Not Recorded",IFERROR(INDEX(Lists!$H$2:$H$60,MATCH(TRIM(M74),Lists!$G$2:$G$60,0)),"Not Recorded")) -> Medium | U74: =IF(ISNUMBER(K74),Lists!$K$2-K74,"") -> 10 | V74: =IF(AND(ISNUMBER(P74),P74<Lists!$K$2,S74<>"On Hold"),1,0) -> 0 | W74: =IF(V74=1,Lists!$K$2-P74,0) -> 0 | X74: =IF(AND(ISNUMBER(K74),S74<>"On Hold"),IF(Lists!$K$2-K74>Lists!$K$3,1,0),0) -> 0 | Y74: =(F74="")+IF(F74="",0,ISERROR(FIND("@",F74))*1)+(D74="")+(I74="")+(R74="Not Recorded")+(S74="Not Recorded")+(T74="Not Recorded")+((ISTEXT(J74)+ISTEXT(K74)+ISTEXT(P74))>0)+IF(AND(ISNUMBER(J74),ISNUMBER(K74)),(K74<J74)*1,0)+IF(ISNUMBER(K74),(K74>Lists!$K$2)*1,0)+(COUNTIF($B$2:$B$79,B74)>1)+IF(S74="Not Started",(N74>0)*1,IF(S74="Not Recorded",0,(N74=0)*1))+IF(AND(S74<>"Not Started",S74<>"Not Recorded"),(K74="")*1,0)+(P74="")+(G74="")+IF(G74="",0,(LEFT(G74,1)<>"+")*1) -> 1 | Z74: =IF(V74=1,W74+ROW()/100000,0) -> 0 | AA74: =IF(OR(S74="In Discussion",S74="Meeting Scheduled",S74="Partnership Active"),1,0) -> 0 | AB74: =IF(AND(S74<>"Not Started",S74<>"Not Recorded"),1,0) -> 1
A75: EMB-074 | B75: Chile | C75: Americas | D75: Ingrid Fernandez | E75: First Secretary | F75: ingrid.fernandez@chile-embassy.example | G75: (011) 28463330 | H75: Email | L75: Not Started | M75: None | N75: 0 | O75: Send introductory letter | P75: 46314 | Q75: Possible duplicate entry | R75: =IF(TRIM(C75)="","Not Recorded",IFERROR(INDEX(Lists!$B$2:$B$60,MATCH(TRIM(C75),Lists!$A$2:$A$60,0)),"Not Recorded")) -> Americas | S75: =IF(TRIM(L75)="","Not Recorded",IFERROR(INDEX(Lists!$E$2:$E$60,MATCH(TRIM(L75),Lists!$D$2:$D$60,0)),"Not Recorded")) -> Not Started | T75: =IF(TRIM(M75)="","Not Recorded",IFERROR(INDEX(Lists!$H$2:$H$60,MATCH(TRIM(M75),Lists!$G$2:$G$60,0)),"Not Recorded")) -> None | U75: =IF(ISNUMBER(K75),Lists!$K$2-K75,"") | V75: =IF(AND(ISNUMBER(P75),P75<Lists!$K$2,S75<>"On Hold"),1,0) -> 0 | W75: =IF(V75=1,Lists!$K$2-P75,0) -> 0 | X75: =IF(AND(ISNUMBER(K75),S75<>"On Hold"),IF(Lists!$K$2-K75>Lists!$K$3,1,0),0) -> 0 | Y75: =(F75="")+IF(F75="",0,ISERROR(FIND("@",F75))*1)+(D75="")+(I75="")+(R75="Not Recorded")+(S75="Not Recorded")+(T75="Not Recorded")+((ISTEXT(J75)+ISTEXT(K75)+ISTEXT(P75))>0)+IF(AND(ISNUMBER(J75),ISNUMBER(K75)),(K75<J75)*1,0)+IF(ISNUMBER(K75),(K75>Lists!$K$2)*1,0)+(COUNTIF($B$2:$B$79,B75)>1)+IF(S75="Not Started",(N75>0)*1,IF(S75="Not Recorded",0,(N75=0)*1))+IF(AND(S75<>"Not Started",S75<>"Not Recorded"),(K75="")*1,0)+(P75="")+(G75="")+IF(G75="",0,(LEFT(G75,1)<>"+")*1) -> 3 | Z75: =IF(V75=1,W75+ROW()/100000,0) -> 0 | AA75: =IF(OR(S75="In Discussion",S75="Meeting Scheduled",S75="Partnership Active"),1,0) -> 0 | AB75: =IF(AND(S75<>"Not Started",S75<>"Not Recorded"),1,0) -> 0
A76: EMB-075 | B76: Romania | C76: Europe | D76: Elena Chen | E76: Political Counsellor | F76: elena.chen@romania-embassy.example | G76: +91-11-2882-2604 | H76: Email | I76: Neha Verma | J76: 46248 | K76: 46248 | M76: Medium | N76: 1 | O76: Follow-up email | Q76: Possible duplicate entry | R76: =IF(TRIM(C76)="","Not Recorded",IFERROR(INDEX(Lists!$B$2:$B$60,MATCH(TRIM(C76),Lists!$A$2:$A$60,0)),"Not Recorded")) -> Europe | S76: =IF(TRIM(L76)="","Not Recorded",IFERROR(INDEX(Lists!$E$2:$E$60,MATCH(TRIM(L76),Lists!$D$2:$D$60,0)),"Not Recorded")) -> Not Recorded | T76: =IF(TRIM(M76)="","Not Recorded",IFERROR(INDEX(Lists!$H$2:$H$60,MATCH(TRIM(M76),Lists!$G$2:$G$60,0)),"Not Recorded")) -> Medium | U76: =IF(ISNUMBER(K76),Lists!$K$2-K76,"") -> 53 | V76: =IF(AND(ISNUMBER(P76),P76<Lists!$K$2,S76<>"On Hold"),1,0) -> 0 | W76: =IF(V76=1,Lists!$K$2-P76,0) -> 0 | X76: =IF(AND(ISNUMBER(K76),S76<>"On Hold"),IF(Lists!$K$2-K76>Lists!$K$3,1,0),0) -> 1 | Y76: =(F76="")+IF(F76="",0,ISERROR(FIND("@",F76))*1)+(D76="")+(I76="")+(R76="Not Recorded")+(S76="Not Recorded")+(T76="Not Recorded")+((ISTEXT(J76)+ISTEXT(K76)+ISTEXT(P76))>0)+IF(AND(ISNUMBER(J76),ISNUMBER(K76)),(K76<J76)*1,0)+IF(ISNUMBER(K76),(K76>Lists!$K$2)*1,0)+(COUNTIF($B$2:$B$79,B76)>1)+IF(S76="Not Started",(N76>0)*1,IF(S76="Not Recorded",0,(N76=0)*1))+IF(AND(S76<>"Not Started",S76<>"Not Recorded"),(K76="")*1,0)+(P76="")+(G76="")+IF(G76="",0,(LEFT(G76,1)<>"+")*1) -> 3 | Z76: =IF(V76=1,W76+ROW()/100000,0) -> 0 | AA76: =IF(OR(S76="In Discussion",S76="Meeting Scheduled",S76="Partnership Active"),1,0) -> 0 | AB76: =IF(AND(S76<>"Not Started",S76<>"Not Recorded"),1,0) -> 0
A77: EMB-076 | B77: Ireland | C77: Europe | D77: Lucas Dubois | E77: Commercial Counsellor | F77: lucas.dubois@ireland-embassy.example | G77: (011) 25674770 | H77: Letter | J77: 46282 | K77: 46282 | L77: Contacted | M77: Low | N77: 1 | O77: Follow-up email | P77: 46296 | Q77: Possible duplicate entry | R77: =IF(TRIM(C77)="","Not Recorded",IFERROR(INDEX(Lists!$B$2:$B$60,MATCH(TRIM(C77),Lists!$A$2:$A$60,0)),"Not Recorded")) -> Europe | S77: =IF(TRIM(L77)="","Not Recorded",IFERROR(INDEX(Lists!$E$2:$E$60,MATCH(TRIM(L77),Lists!$D$2:$D$60,0)),"Not Recorded")) -> Contacted | T77: =IF(TRIM(M77)="","Not Recorded",IFERROR(INDEX(Lists!$H$2:$H$60,MATCH(TRIM(M77),Lists!$G$2:$G$60,0)),"Not Recorded")) -> Low | U77: =IF(ISNUMBER(K77),Lists!$K$2-K77,"") -> 19 | V77: =IF(AND(ISNUMBER(P77),P77<Lists!$K$2,S77<>"On Hold"),1,0) -> 1 | W77: =IF(V77=1,Lists!$K$2-P77,0) -> 5 | X77: =IF(AND(ISNUMBER(K77),S77<>"On Hold"),IF(Lists!$K$2-K77>Lists!$K$3,1,0),0) -> 0 | Y77: =(F77="")+IF(F77="",0,ISERROR(FIND("@",F77))*1)+(D77="")+(I77="")+(R77="Not Recorded")+(S77="Not Recorded")+(T77="Not Recorded")+((ISTEXT(J77)+ISTEXT(K77)+ISTEXT(P77))>0)+IF(AND(ISNUMBER(J77),ISNUMBER(K77)),(K77<J77)*1,0)+IF(ISNUMBER(K77),(K77>Lists!$K$2)*1,0)+(COUNTIF($B$2:$B$79,B77)>1)+IF(S77="Not Started",(N77>0)*1,IF(S77="Not Recorded",0,(N77=0)*1))+IF(AND(S77<>"Not Started",S77<>"Not Recorded"),(K77="")*1,0)+(P77="")+(G77="")+IF(G77="",0,(LEFT(G77,1)<>"+")*1) -> 3 | Z77: =IF(V77=1,W77+ROW()/100000,0) -> 5.00077 | AA77: =IF(OR(S77="In Discussion",S77="Meeting Scheduled",S77="Partnership Active"),1,0) -> 0 | AB77: =IF(AND(S77<>"Not Started",S77<>"Not Recorded"),1,0) -> 1
A78: EMB-077 | B78: Thailand | C78: Asia-Pacific | D78: Pedro Nkosi | E78: Cultural Attaché | F78: pedro.nkosi@thailand-embassy.example | G78: +91-11-2448-9900 | H78: Meeting | I78: Karan Joshi | J78: 46172 | K78: 46258 | L78: Active | M78: Med | N78: 8 | O78: Quarterly review call | P78: 46274 | Q78: Possible duplicate entry | R78: =IF(TRIM(C78)="","Not Recorded",IFERROR(INDEX(Lists!$B$2:$B$60,MATCH(TRIM(C78),Lists!$A$2:$A$60,0)),"Not Recorded")) -> Asia-Pacific | S78: =IF(TRIM(L78)="","Not Recorded",IFERROR(INDEX(Lists!$E$2:$E$60,MATCH(TRIM(L78),Lists!$D$2:$D$60,0)),"Not Recorded")) -> Partnership Active | T78: =IF(TRIM(M78)="","Not Recorded",IFERROR(INDEX(Lists!$H$2:$H$60,MATCH(TRIM(M78),Lists!$G$2:$G$60,0)),"Not Recorded")) -> Medium | U78: =IF(ISNUMBER(K78),Lists!$K$2-K78,"") -> 43 | V78: =IF(AND(ISNUMBER(P78),P78<Lists!$K$2,S78<>"On Hold"),1,0) -> 1 | W78: =IF(V78=1,Lists!$K$2-P78,0) -> 27 | X78: =IF(AND(ISNUMBER(K78),S78<>"On Hold"),IF(Lists!$K$2-K78>Lists!$K$3,1,0),0) -> 1 | Y78: =(F78="")+IF(F78="",0,ISERROR(FIND("@",F78))*1)+(D78="")+(I78="")+(R78="Not Recorded")+(S78="Not Recorded")+(T78="Not Recorded")+((ISTEXT(J78)+ISTEXT(K78)+ISTEXT(P78))>0)+IF(AND(ISNUMBER(J78),ISNUMBER(K78)),(K78<J78)*1,0)+IF(ISNUMBER(K78),(K78>Lists!$K$2)*1,0)+(COUNTIF($B$2:$B$79,B78)>1)+IF(S78="Not Started",(N78>0)*1,IF(S78="Not Recorded",0,(N78=0)*1))+IF(AND(S78<>"Not Started",S78<>"Not Recorded"),(K78="")*1,0)+(P78="")+(G78="")+IF(G78="",0,(LEFT(G78,1)<>"+")*1) -> 1 | Z78: =IF(V78=1,W78+ROW()/100000,0) -> 27.00078 | AA78: =IF(OR(S78="In Discussion",S78="Meeting Scheduled",S78="Partnership Active"),1,0) -> 1 | AB78: =IF(AND(S78<>"Not Started",S78<>"Not Recorded"),1,0) -> 1
A79: EMB-078 | B79: Turkey | C79: Middle East | D79: Layla Lindberg | E79: Cultural Attaché | F79: layla.lindberg@turkey-embassy.example | G79: +91-11-2499-4595 | H79: Meeting | I79: Imran Sheikh | J79: 46177 | K79: 25-Sep-2026 | L79: Meeting Scheduled | M79: HIGH | N79: 7 | O79: Prepare meeting brief | P79: 46310 | Q79: Possible duplicate entry | R79: =IF(TRIM(C79)="","Not Recorded",IFERROR(INDEX(Lists!$B$2:$B$60,MATCH(TRIM(C79),Lists!$A$2:$A$60,0)),"Not Recorded")) -> Middle East | S79: =IF(TRIM(L79)="","Not Recorded",IFERROR(INDEX(Lists!$E$2:$E$60,MATCH(TRIM(L79),Lists!$D$2:$D$60,0)),"Not Recorded")) -> Meeting Scheduled | T79: =IF(TRIM(M79)="","Not Recorded",IFERROR(INDEX(Lists!$H$2:$H$60,MATCH(TRIM(M79),Lists!$G$2:$G$60,0)),"Not Recorded")) -> High | U79: =IF(ISNUMBER(K79),Lists!$K$2-K79,"") | V79: =IF(AND(ISNUMBER(P79),P79<Lists!$K$2,S79<>"On Hold"),1,0) -> 0 | W79: =IF(V79=1,Lists!$K$2-P79,0) -> 0 | X79: =IF(AND(ISNUMBER(K79),S79<>"On Hold"),IF(Lists!$K$2-K79>Lists!$K$3,1,0),0) -> 0 | Y79: =(F79="")+IF(F79="",0,ISERROR(FIND("@",F79))*1)+(D79="")+(I79="")+(R79="Not Recorded")+(S79="Not Recorded")+(T79="Not Recorded")+((ISTEXT(J79)+ISTEXT(K79)+ISTEXT(P79))>0)+IF(AND(ISNUMBER(J79),ISNUMBER(K79)),(K79<J79)*1,0)+IF(ISNUMBER(K79),(K79>Lists!$K$2)*1,0)+(COUNTIF($B$2:$B$79,B79)>1)+IF(S79="Not Started",(N79>0)*1,IF(S79="Not Recorded",0,(N79=0)*1))+IF(AND(S79<>"Not Started",S79<>"Not Recorded"),(K79="")*1,0)+(P79="")+(G79="")+IF(G79="",0,(LEFT(G79,1)<>"+")*1) -> 2 | Z79: =IF(V79=1,W79+ROW()/100000,0) -> 0 | AA79: =IF(OR(S79="In Discussion",S79="Meeting Scheduled",S79="Partnership Active"),1,0) -> 1 | AB79: =IF(AND(S79<>"Not Started",S79<>"Not Recorded"),1,0) -> 1

Sheet Lists
A1: Raw Region (trimmed) | B1: Standard Region | D1: Raw Status (trimmed) | E1: Standard Status | G1: Raw Engagement (trimmed) | H1: Standard Engagement | J1: Setting | K1: Value
A2: Europe | B2: Europe | D2: Not Started | E2: Not Started | G2: High | H2: High | J2: As-of date (report date) | K2: 46301
A3: Asia-Pacific | B3: Asia-Pacific | D3: Contacted | E3: Contacted | G3: Medium | H3: Medium | J3: Stale-contact threshold (days) | K3: 30
A4: Middle East | B4: Middle East | D4: No Response | E4: No Response | G4: Low | H4: Low
A5: Africa | B5: Africa | D5: In Discussion | E5: In Discussion | G5: None | H5: None | J5: Edit blue cells to change settings. Mapping tables (A:H) standardise inconsistent labels found in Outreach_Data; add new variants at the bottom.
A6: Americas | B6: Americas | D6: Meeting Scheduled | E6: Meeting Scheduled | G6: Med | H6: Medium
A7: Asia Pacific | B7: Asia-Pacific | D7: Partnership Active | E7: Partnership Active | G7: Nil | H7: None
A8: APAC | B8: Asia-Pacific | D8: On Hold | E8: On Hold
A9: Mideast | B9: Middle East | D9: In-Discussion | E9: In Discussion
A10: Middle-East | B10: Middle East | D10: no-response | E10: No Response
A11: America | B11: Americas | D11: Meeting Sched. | E11: Meeting Scheduled
D12: Active | E12: Partnership Active
D13: Hold | E13: On Hold
